CREATE DATABASE  IF NOT EXISTS `school` /*!40100 DEFAULT CHARACTER SET utf8 */;
USE `school`;
-- MySQL dump 10.13  Distrib 5.7.17, for Win64 (x86_64)
--
-- Host: 207.154.199.59    Database: school
-- ------------------------------------------------------
-- Server version	5.5.54-0ubuntu0.14.04.1

/*!40101 SET @OLD_CHARACTER_SET_CLIENT=@@CHARACTER_SET_CLIENT */;
/*!40101 SET @OLD_CHARACTER_SET_RESULTS=@@CHARACTER_SET_RESULTS */;
/*!40101 SET @OLD_COLLATION_CONNECTION=@@COLLATION_CONNECTION */;
/*!40101 SET NAMES utf8 */;
/*!40103 SET @OLD_TIME_ZONE=@@TIME_ZONE */;
/*!40103 SET TIME_ZONE='+00:00' */;
/*!40014 SET @OLD_UNIQUE_CHECKS=@@UNIQUE_CHECKS, UNIQUE_CHECKS=0 */;
/*!40014 SET @OLD_FOREIGN_KEY_CHECKS=@@FOREIGN_KEY_CHECKS, FOREIGN_KEY_CHECKS=0 */;
/*!40101 SET @OLD_SQL_MODE=@@SQL_MODE, SQL_MODE='NO_AUTO_VALUE_ON_ZERO' */;
/*!40111 SET @OLD_SQL_NOTES=@@SQL_NOTES, SQL_NOTES=0 */;

--
-- Table structure for table `CustomUser`
--

DROP TABLE IF EXISTS `CustomUser`;
/*!40101 SET @saved_cs_client     = @@character_set_client */;
/*!40101 SET character_set_client = utf8 */;
CREATE TABLE `CustomUser` (
  `id` int(11) NOT NULL AUTO_INCREMENT,
  `login` varchar(255) DEFAULT NULL,
  `password` varchar(255) DEFAULT NULL,
  `role` varchar(255) DEFAULT NULL,
  PRIMARY KEY (`id`)
) ENGINE=InnoDB AUTO_INCREMENT=29 DEFAULT CHARSET=utf8;
/*!40101 SET character_set_client = @saved_cs_client */;

--
-- Dumping data for table `CustomUser`
--

LOCK TABLES `CustomUser` WRITE;
/*!40000 ALTER TABLE `CustomUser` DISABLE KEYS */;
INSERT INTO `CustomUser` VALUES (1,'DLikhachjov','$2a$10$iLhN4/OUEGsufIQWAHdpnuaJnjjPLhuqiVt09DB7QvExA4bQIwIr.','ROLE_STUDENT'),(2,'ANazarov','$2a$10$0QuR3oyt5AKyTNQ9b.SoQ.MhRBclqxTqzTMcn.ZBuFHmUqunnO9Am','ROLE_STUDENT'),(3,'IGordeev','$2a$10$iDBXYckWk3GgYtB0eW2GMOeLgkDV8OrnwnCRus5BtyzNPksjQxJVK','ROLE_STUDENT'),(4,'SNekrasov','$2a$10$1MVmtsaFxG1fPM8ekmp.zu03BV3GZHzHDNJVe6QyiFHcUhTz8RctS','ROLE_STUDENT'),(5,'SEgorov','$2a$10$Gbj8HsB9W5sNA.T9TlieFOC4AOnjLpVZ6dipsVXE5MzMKUxMDHo9e','ROLE_STUDENT'),(6,'VFadeev','$2a$10$1NHBnmWpbrFmp8VwmYnbD.K.Mi5.Hf05cJhRGJf.RQVsqnwdxzDxe','ROLE_STUDENT'),(7,'GUstinov','$2a$10$7cZNnI/A6SaxQliZW7chReZo1XUnl12FBgA5T6UkPYd9sOyTSQnVi','ROLE_STUDENT'),(8,'DTrofimov','$2a$10$77w6bA1HOmXU0o9XqA.Nu.2PkHMDm4TrqSNVGFKm3/Tnha1DPtY5q','ROLE_STUDENT'),(9,'KBirjukov','$2a$10$SO5pvYeXUvbYPAZWspUsvOlQprmFROL8Kbq1cC6s9BnkNysvdEklu','ROLE_STUDENT'),(10,'LZimin','$2a$10$E6nltMLh1elSODKAc7oCdOzvYYhc3A6yzHqjsGTGn2ooUEiI9jY/S','ROLE_STUDENT'),(11,'MArkhipov','$2a$10$QrtxJtuThQGDFTzgY4RUTuJIpNhMKLg9TtThlf67foF8PwixyIwBW','ROLE_STUDENT'),(12,'MZinovjhev','$2a$10$9950k0AvPOyByQG9y.GJx.MgXDxqSqISj6Y1qo.TPj5VevUwiC1RO','ROLE_STUDENT'),(13,'IVinogradov','$2a$10$v16JQBTp4JXXvf.EIKwZK.7AMpdzSegYOWG4LT7Jm42rkRMH3UN/m','ROLE_STUDENT'),(14,'SNikiforov','$2a$10$9NG24Mo7Cs3rovk.Yd5CveuieLlNS64cBZ4epXbKOeQFQW4EqXz8S','ROLE_STUDENT'),(15,'GStrelkov','$2a$10$TPB0Uf22mmMRymBX25.Eo.SP00weZvZ2863PuIwzNVh6VsOXylvPq','ROLE_STUDENT'),(16,'IPakhomov','$2a$10$H1lVar/9LEJk4Ruoo4gKkegUk0MI0udywQYLzbICeHUsqKlDyj9dS','ROLE_STUDENT'),(17,'VTretjhjakov','$2a$10$7ddkABVc0WkdTpmwrsntRewQ45EGCsZsm4XV/PJfQrHqj8nZ6Fe.m','ROLE_STUDENT'),(18,'VMuravjhjov','$2a$10$y5Lz/RUa8AWYfinLdfLnLOganPs3f4.s34ZHogWJhT5e2X8lZ2c.K','ROLE_STUDENT'),(19,'NMatveev','$2a$10$.E8Dw9HxJhcxSZH/RwcIZuqvTdZ824q3jDBvp6HBPfNiiiIOj7Kgy','ROLE_STUDENT'),(20,'PKolobov','$2a$10$PZWSD307wlfY8KoWtyM7LOd4MlMn6L8kSLNXC6F3jdzsTVIFyY65q','ROLE_STUDENT'),(21,'KFomichjov','$2a$10$cFRrd5D2bf9xXyay7zp8f.CO745IHHVstW/cPknFA7DoOM9lnHQtu','ROLE_TEACHER'),(22,'DLobanov','$2a$10$q0TwxT1XbBgEB.SrszN78exXC0P5Bcx8xvlY8nsVoHEaDNjlL02Hu','ROLE_TEACHER'),(23,'JASergeev','$2a$10$UmySIYFsRB4h3iLiWlU1I.B9JWlDVAf17UY9TCXq4nOA67b6NHuhq','ROLE_TEACHER'),(24,'VKornilov','$2a$10$Bl0nCcZqQhjfK08yhU0zPO8TjivAYAqOlOdNQjLIM.J0akO0vXQFy','ROLE_TEACHER'),(25,'EKrasiljhnikov','$2a$10$1WyK2WHmCFzrE9vbulI75.16/7ED2UvaDDmZvn4U6sfaMmU1uMDLu','ROLE_TEACHER'),(26,'admin','$2a$10$nJGkxcGdNFFHatTZzibh5e3E3MY6CkwDsE4tupgnvk68NlvRH.HtK','ROLE_ADMIN'),(27,'student','$2a$10$9z8EHhNIvsJsWbS76ffhV.1iY2iQzvcZjhUqqFSEbyx/N1SMNc8Xa','ROLE_STUDENT'),(28,'teacher','$2a$10$oCe7/XcaPaBFOH09lL4ec.KEjp28WvOYzJjEk7YQlBmPur5G9bMZO','ROLE_TEACHER');
/*!40000 ALTER TABLE `CustomUser` ENABLE KEYS */;
UNLOCK TABLES;

--
-- Table structure for table `HomeWork`
--

DROP TABLE IF EXISTS `HomeWork`;
/*!40101 SET @saved_cs_client     = @@character_set_client */;
/*!40101 SET character_set_client = utf8 */;
CREATE TABLE `HomeWork` (
  `id` int(11) NOT NULL AUTO_INCREMENT,
  `date` datetime DEFAULT NULL,
  `description` varchar(255) DEFAULT NULL,
  `subj_id` int(11) DEFAULT NULL,
  `teacher_id` int(11) DEFAULT NULL,
  PRIMARY KEY (`id`),
  KEY `FK_ydpmlkodpgnsjlavkicmgpvs` (`subj_id`),
  KEY `FK_q76iux4cvq59e2l9ganfgfb0t` (`teacher_id`),
  CONSTRAINT `FK_q76iux4cvq59e2l9ganfgfb0t` FOREIGN KEY (`teacher_id`) REFERENCES `Teacher` (`id`),
  CONSTRAINT `FK_ydpmlkodpgnsjlavkicmgpvs` FOREIGN KEY (`subj_id`) REFERENCES `Subject` (`id`)
) ENGINE=InnoDB AUTO_INCREMENT=164 DEFAULT CHARSET=utf8;
/*!40101 SET character_set_client = @saved_cs_client */;

--
-- Dumping data for table `HomeWork`
--

LOCK TABLES `HomeWork` WRITE;
/*!40000 ALTER TABLE `HomeWork` DISABLE KEYS */;
INSERT INTO `HomeWork` VALUES (1,'2017-10-06 21:00:10','Заполнить ст.6285',8,3),(2,'2017-10-08 21:00:11','Сочинение ст.2227',9,4),(3,'2017-10-05 21:00:12','Чертить ст.8978',4,2),(4,'2017-10-04 21:00:12','Чтений ст.8942',11,1),(5,'2017-10-02 23:00:15','Сочинение ст.7732',33,2),(6,'2017-10-06 22:00:16','Сочинение ст.4750',27,1),(7,'2017-10-08 22:00:17','Выучить ст.2815',17,1),(8,'2017-10-06 00:00:19','Чтений ст.8202',30,1),(9,'2017-10-06 00:00:22','Чертить ст.3468',26,3),(10,'2017-10-05 00:00:22','Выучить ст.247',23,4),(11,'2017-10-07 23:00:26','Чертить ст.6633',27,3),(12,'2017-10-09 01:00:27','Сочинение ст.1914',34,5),(13,'2017-10-05 01:00:28','Чтений ст.1405',19,1),(14,'2017-10-05 21:00:28','Чтений ст.4271',23,3),(15,'2017-10-02 23:00:29','Рисовать ст.1312',13,5),(16,'2017-10-05 21:00:30','Заполнить ст.5028',31,3),(17,'2017-10-07 00:00:34','Выучить ст.9902',21,3),(18,'2017-10-05 22:00:37','Рисовать ст.4082',11,2),(19,'2017-10-03 01:00:38','Сочинение ст.8451',18,5),(20,'2017-10-04 23:00:38','Выполнить ст.9672',8,2),(21,'2017-10-09 01:00:41','Чертить ст.1649',20,3),(22,'2017-10-05 01:00:46','Рисовать ст.1191',12,5),(23,'2017-10-06 01:00:48','Выучить ст.1027',11,3),(24,'2017-10-05 21:00:55','Выучить ст.269',1,5),(25,'2017-10-08 01:00:57','Выполнить ст.9976',6,4),(26,'2017-10-02 21:00:58','Чертить ст.4868',25,4),(27,'2017-10-07 00:00:03','Сочинение ст.1960',22,4),(28,'2017-10-08 23:00:03','Выполнить ст.9382',28,3),(29,'2017-10-03 00:00:07','Чтений ст.1562',11,3),(30,'2017-10-05 22:00:10','Заполнить ст.7318',6,4),(31,'2017-10-05 00:00:11','Чтений ст.67',6,1),(32,'2017-10-03 01:00:13','Чтений ст.4244',32,1),(33,'2017-10-05 23:00:16','Рисовать ст.7064',16,3),(34,'2017-10-06 01:00:24','Сочинение ст.8662',6,1),(35,'2017-10-07 21:00:27','Чтений ст.8993',13,3),(36,'2017-10-06 21:00:35','Сочинение ст.9157',14,3),(37,'2017-10-08 00:00:37','Выполнить ст.3021',19,2),(38,'2017-10-08 21:00:40','Выполнить ст.1263',13,5),(39,'2017-10-06 22:00:41','Выполнить ст.7698',27,4),(40,'2017-10-05 22:00:45','Чтений ст.1430',10,2),(41,'2017-10-07 21:00:45','Чертить ст.2167',23,4),(42,'2017-10-04 22:00:48','Чертить ст.1780',32,3),(43,'2017-10-09 00:00:50','Чтений ст.493',11,5),(44,'2017-10-05 23:00:51','Рисовать ст.5512',33,5),(45,'2017-10-07 22:00:51','Рисовать ст.4740',18,2),(46,'2017-10-03 00:00:52','Выучить ст.559',7,2),(47,'2017-10-04 23:00:54','Чтений ст.5298',28,2),(48,'2017-10-06 00:00:57','Чтений ст.8291',32,1),(49,'2017-10-07 00:00:59','Сочинение ст.5400',17,1),(50,'2017-10-05 00:00:00','Рисовать ст.2559',7,2),(51,'2017-10-08 22:00:00','Выполнить ст.7997',28,1),(52,'2017-10-08 01:00:01','Чтений ст.1826',4,2),(53,'2017-10-06 01:00:03','Заполнить ст.7732',34,4),(54,'2017-10-06 01:00:04','Заполнить ст.2297',5,5),(55,'2017-10-08 23:00:06','Сочинение ст.8289',8,1),(56,'2017-10-04 21:00:08','Чтений ст.227',24,5),(57,'2017-10-03 01:00:08','Чертить ст.2611',1,4),(58,'2017-10-09 00:00:12','Чтений ст.8892',25,2),(59,'2017-10-05 23:00:14','Чертить ст.1143',32,5),(60,'2017-10-09 01:00:18','Выучить ст.8833',5,4),(61,'2017-10-06 01:00:22','Чтений ст.992',23,5),(62,'2017-10-05 21:00:47','Чертить ст.5507',33,1),(63,'2017-10-08 01:00:54','Выполнить ст.8812',17,3),(64,'2017-10-07 01:00:55','Выучить ст.8787',28,5),(65,'2017-10-08 21:00:57','Выполнить ст.1046',28,3),(66,'2017-10-06 00:00:57','Чертить ст.4722',3,4),(67,'2017-10-02 23:00:59','Выучить ст.160',1,3),(68,'2017-10-08 22:00:03','Заполнить ст.7465',25,5),(69,'2017-10-03 00:00:05','Выучить ст.6074',10,5),(70,'2017-10-05 23:00:09','Сочинение ст.3028',29,3),(71,'2017-10-08 23:00:10','Выучить ст.5920',9,3),(72,'2017-10-07 21:00:13','Чтений ст.6030',17,5),(73,'2017-10-07 22:00:19','Выполнить ст.4618',16,3),(74,'2017-10-04 22:00:19','Заполнить ст.2974',32,5),(75,'2017-10-05 23:00:21','Выучить ст.5800',29,5),(76,'2017-10-07 21:00:31','Выполнить ст.9246',7,5),(77,'2017-10-07 01:00:33','Заполнить ст.3249',13,3),(78,'2017-10-05 22:00:33','Выучить ст.7892',1,5),(79,'2017-10-03 01:00:34','Рисовать ст.2086',34,3),(80,'2017-10-08 22:00:35','Выучить ст.6566',22,2),(81,'2017-10-04 23:00:36','Выполнить ст.680',14,1),(82,'2017-10-06 00:00:37','Сочинение ст.6230',23,4),(83,'2017-10-07 23:00:40','Рисовать ст.317',10,1),(84,'2017-10-06 00:00:41','Чтений ст.7776',20,2),(85,'2017-10-08 23:00:41','Выполнить ст.6449',4,4),(86,'2017-10-05 00:00:43','Заполнить ст.3410',2,1),(87,'2017-10-02 23:00:45','Рисовать ст.5502',6,3),(88,'2017-10-08 01:00:49','Рисовать ст.1280',6,3),(89,'2017-10-09 01:00:49','Чертить ст.1035',28,1),(90,'2017-10-05 01:00:50','Выполнить ст.4971',2,5),(91,'2017-10-08 22:00:58','Сочинение ст.7244',1,4),(92,'2017-10-06 22:00:05','Выполнить ст.1797',23,5),(93,'2017-10-09 00:00:06','Сочинение ст.2979',15,4),(94,'2017-10-07 00:00:14','Чтений ст.4151',31,4),(95,'2017-10-02 21:00:19','Выучить ст.5558',18,4),(96,'2017-10-06 01:00:20','Чтений ст.7264',5,1),(97,'2017-10-04 21:00:21','Выучить ст.2429',27,1),(98,'2017-10-06 21:00:22','Выполнить ст.3401',32,2),(99,'2017-10-05 21:00:23','Чертить ст.6183',17,4),(100,'2017-10-07 21:00:24','Заполнить ст.1709',28,2),(101,'2017-10-02 22:00:26','Выучить ст.487',30,3),(102,'2017-10-05 22:00:30','Выполнить ст.4924',7,5),(103,'2017-10-06 23:00:30','Чтений ст.9748',2,4),(104,'2017-10-07 23:00:33','Сочинение ст.7582',6,4),(105,'2017-10-03 00:00:35','Рисовать ст.1294',8,3),(106,'2017-10-08 01:00:41','Выучить ст.9825',30,4),(107,'2017-10-05 21:00:42','Чертить ст.2657',11,4),(108,'2017-10-06 22:00:42','Сочинение ст.4993',15,4),(109,'2017-10-02 21:00:43','Сочинение ст.6961',13,4),(110,'2017-10-04 22:00:47','Выполнить ст.5349',4,1),(111,'2017-10-09 00:00:48','Выучить ст.941',19,2),(112,'2017-10-06 23:00:48','Заполнить ст.9723',23,3),(113,'2017-10-06 00:00:52','Заполнить ст.2096',19,2),(114,'2017-10-06 01:00:54','Чтений ст.5679',18,4),(115,'2017-10-07 00:00:54','Выучить ст.8571',32,4),(116,'2017-10-08 21:00:56','Сочинение ст.5504',34,3),(117,'2017-10-06 01:00:58','Рисовать ст.8157',22,1),(118,'2017-10-02 22:00:59','Рисовать ст.6824',25,1),(119,'2017-10-07 01:00:00','Чтений ст.3117',8,5),(120,'2017-10-08 23:00:04','Сочинение ст.7024',17,5),(121,'2017-10-02 23:00:05','Выполнить ст.7548',30,4),(122,'2017-10-06 00:00:06','Выполнить ст.9676',1,5),(123,'2017-10-05 01:00:07','Выучить ст.6301',30,5),(124,'2017-10-07 22:00:09','Выучить ст.7650',32,5),(125,'2017-10-03 00:00:11','Рисовать ст.5728',33,4),(126,'2017-10-07 01:00:15','Сочинение ст.5097',13,1),(127,'2017-10-08 00:00:17','Выполнить ст.8430',32,4),(128,'2017-10-02 21:00:19','Чтений ст.9385',5,4),(129,'2017-10-09 00:00:20','Выучить ст.1688',27,4),(130,'2017-10-06 00:00:20','Чертить ст.8692',30,3),(131,'2017-10-06 01:00:26','Выполнить ст.342',10,2),(132,'2017-10-08 22:00:30','Выполнить ст.5984',12,1),(133,'2017-10-05 22:00:31','Сочинение ст.1640',21,1),(134,'2017-10-05 23:00:37','Выполнить ст.9053',30,3),(135,'2017-10-04 23:00:44','Заполнить ст.958',15,4),(136,'2017-10-06 21:00:45','Выполнить ст.2290',25,4),(137,'2017-10-05 00:00:51','Выучить ст.7821',33,5),(138,'2017-10-06 23:00:54','Заполнить ст.1920',13,5),(139,'2017-10-07 23:00:57','Чертить ст.6867',16,3),(140,'2017-10-06 00:00:01','Заполнить ст.7675',5,5),(141,'2017-10-06 22:00:06','Чтений ст.2610',31,2),(142,'2017-10-03 00:00:06','Чертить ст.948',21,3),(143,'2017-10-05 01:00:06','Чертить ст.5516',3,4),(144,'2017-10-08 21:00:07','Выполнить ст.8049',27,4),(145,'2017-10-06 01:00:07','Рисовать ст.6838',33,5),(146,'2017-10-07 23:00:11','Чертить ст.4455',12,5),(147,'2017-10-02 21:00:14','Чертить ст.2201',26,5),(148,'2017-10-08 00:00:17','Рисовать ст.1406',16,1),(149,'2017-10-02 22:00:21','Заполнить ст.1682',18,3),(150,'2017-10-05 21:00:21','Чтений ст.7259',4,5),(151,'2017-10-08 22:00:23','Сочинение ст.7829',11,5),(152,'2017-10-02 23:00:27','Выучить ст.4099',19,3),(153,'2017-10-05 22:00:27','Чтений ст.8066',5,5),(154,'2017-10-09 00:00:31','Сочинение ст.9702',19,5),(155,'2017-10-03 00:00:32','Чтений ст.2306',33,5),(156,'2017-10-03 01:00:39','Сочинение ст.3285',26,3),(157,'2017-10-04 21:00:39','Выполнить ст.7982',2,4),(158,'2017-10-06 21:00:40','Сочинение ст.270',20,3),(159,'2017-10-04 23:00:47','Выучить ст.3803',11,1),(160,'2017-10-05 22:00:48','Чертить ст.9034',30,3),(161,'2017-10-07 00:00:50','Чтений ст.4175',10,5),(162,'2017-10-05 00:00:53','Выполнить ст.3594',10,2),(163,'2017-10-09 01:00:10','Заполнить ст.5493',23,1);
/*!40000 ALTER TABLE `HomeWork` ENABLE KEYS */;
UNLOCK TABLES;

--
-- Table structure for table `HomeWorkStudentStatus`
--

DROP TABLE IF EXISTS `HomeWorkStudentStatus`;
/*!40101 SET @saved_cs_client     = @@character_set_client */;
/*!40101 SET character_set_client = utf8 */;
CREATE TABLE `HomeWorkStudentStatus` (
  `id` int(11) NOT NULL AUTO_INCREMENT,
  `homeWorkStatus` varchar(255) DEFAULT NULL,
  `homework_id` int(11) DEFAULT NULL,
  `student_id` int(11) DEFAULT NULL,
  PRIMARY KEY (`id`),
  KEY `FK_5l51bvxrp3sbgfpvmiixvd4oa` (`homework_id`),
  KEY `FK_a98cdsove5g84ac606nj4y4yl` (`student_id`),
  CONSTRAINT `FK_5l51bvxrp3sbgfpvmiixvd4oa` FOREIGN KEY (`homework_id`) REFERENCES `HomeWork` (`id`),
  CONSTRAINT `FK_a98cdsove5g84ac606nj4y4yl` FOREIGN KEY (`student_id`) REFERENCES `Student` (`id`)
) ENGINE=InnoDB AUTO_INCREMENT=233 DEFAULT CHARSET=utf8;
/*!40101 SET character_set_client = @saved_cs_client */;

--
-- Dumping data for table `HomeWorkStudentStatus`
--

LOCK TABLES `HomeWorkStudentStatus` WRITE;
/*!40000 ALTER TABLE `HomeWorkStudentStatus` DISABLE KEYS */;
INSERT INTO `HomeWorkStudentStatus` VALUES (1,'Assigned',1,7),(2,'Assigned',2,7),(3,'Assigned',3,7),(4,'Assigned',4,7),(5,'Assigned',5,7),(6,'Assigned',6,7),(7,'Assigned',7,7),(8,'Assigned',8,7),(9,'Assigned',9,7),(10,'Assigned',10,7),(11,'Assigned',11,2),(12,'Assigned',11,16),(13,'Assigned',12,7),(14,'Assigned',13,7),(15,'Assigned',14,2),(16,'Assigned',14,16),(17,'Assigned',15,2),(18,'Assigned',15,16),(19,'Assigned',16,2),(20,'Assigned',16,16),(21,'Assigned',17,2),(22,'Assigned',17,16),(23,'Assigned',18,2),(24,'Assigned',18,16),(25,'Assigned',19,2),(26,'Assigned',19,16),(27,'Assigned',20,2),(28,'Assigned',20,16),(29,'Assigned',21,2),(30,'Assigned',21,16),(31,'Assigned',22,2),(32,'Assigned',22,16),(33,'Assigned',23,2),(34,'Assigned',23,16),(35,'Done',24,21),(36,'Assigned',25,21),(37,'In_work',26,21),(38,'Assigned',27,21),(39,'Done',28,21),(40,'Assigned',29,21),(41,'Assigned',30,21),(42,'Assigned',31,21),(43,'In_work',32,21),(44,'Assigned',33,21),(45,'Done',34,21),(46,'Assigned',35,17),(47,'Assigned',36,17),(48,'Assigned',37,17),(49,'Assigned',38,17),(50,'Assigned',39,17),(51,'Assigned',40,6),(52,'Assigned',41,6),(53,'Assigned',42,17),(54,'Assigned',43,17),(55,'Assigned',44,6),(56,'Assigned',45,6),(57,'Assigned',46,17),(58,'Assigned',47,17),(59,'Assigned',48,6),(60,'Assigned',49,6),(61,'Assigned',50,17),(62,'Assigned',51,6),(63,'Assigned',52,6),(64,'Assigned',53,6),(65,'Assigned',54,17),(66,'Assigned',55,6),(67,'Assigned',56,6),(68,'Assigned',57,6),(69,'Assigned',58,6),(70,'Assigned',59,6),(71,'Assigned',60,6),(72,'Assigned',61,6),(73,'Assigned',62,3),(74,'Assigned',62,19),(75,'Assigned',63,3),(76,'Assigned',63,19),(77,'Assigned',64,3),(78,'Assigned',64,19),(79,'Assigned',65,3),(80,'Assigned',65,19),(81,'Assigned',66,3),(82,'Assigned',66,19),(83,'Assigned',67,3),(84,'Assigned',67,19),(85,'Assigned',68,3),(86,'Assigned',68,19),(87,'Assigned',69,3),(88,'Assigned',69,19),(89,'Assigned',70,3),(90,'Assigned',70,19),(91,'Assigned',71,3),(92,'Assigned',71,19),(93,'Assigned',72,5),(94,'Assigned',73,5),(95,'Assigned',74,5),(96,'Assigned',75,5),(97,'Assigned',76,1),(98,'Assigned',76,4),(99,'Assigned',76,8),(100,'Assigned',77,1),(101,'Assigned',78,5),(102,'Assigned',77,4),(103,'Assigned',77,8),(104,'Assigned',79,5),(105,'Assigned',80,5),(106,'Assigned',81,1),(107,'Assigned',81,4),(108,'Assigned',81,8),(109,'Assigned',82,1),(110,'Assigned',82,4),(111,'Assigned',82,8),(112,'Assigned',83,1),(113,'Assigned',83,4),(114,'Assigned',83,8),(115,'Assigned',84,5),(116,'Assigned',85,5),(117,'Assigned',86,1),(118,'Assigned',86,4),(119,'Assigned',86,8),(120,'Assigned',87,1),(121,'Assigned',87,4),(122,'Assigned',87,8),(123,'Assigned',88,1),(124,'Assigned',89,5),(125,'Assigned',88,4),(126,'Assigned',88,8),(127,'Assigned',90,1),(128,'Assigned',90,4),(129,'Assigned',90,8),(130,'Assigned',91,1),(131,'Assigned',91,4),(132,'Assigned',91,8),(133,'Assigned',92,9),(134,'Assigned',92,13),(135,'Assigned',92,14),(136,'Assigned',93,1),(137,'Assigned',93,4),(138,'Assigned',93,8),(139,'Assigned',94,9),(140,'Assigned',94,13),(141,'Assigned',94,14),(142,'Assigned',95,9),(143,'Assigned',95,13),(144,'Assigned',95,14),(145,'Assigned',96,9),(146,'Assigned',96,13),(147,'Assigned',96,14),(148,'Assigned',97,9),(149,'Assigned',97,13),(150,'Assigned',97,14),(151,'Assigned',98,15),(152,'Assigned',99,9),(153,'Assigned',99,13),(154,'Assigned',99,14),(155,'Assigned',100,9),(156,'Assigned',100,13),(157,'Assigned',100,14),(158,'Assigned',101,9),(159,'Assigned',101,13),(160,'Assigned',101,14),(161,'Assigned',102,9),(162,'Assigned',102,13),(163,'Assigned',102,14),(164,'Assigned',103,15),(165,'Assigned',104,9),(166,'Assigned',104,13),(167,'Assigned',104,14),(168,'Assigned',105,9),(169,'Assigned',105,13),(170,'Assigned',105,14),(171,'Assigned',106,9),(172,'Assigned',106,13),(173,'Assigned',106,14),(174,'Assigned',107,15),(175,'Assigned',108,11),(176,'Assigned',109,15),(177,'Assigned',110,11),(178,'Assigned',111,9),(179,'Assigned',111,13),(180,'Assigned',111,14),(181,'Assigned',112,11),(182,'Assigned',113,10),(183,'Assigned',114,15),(184,'Assigned',115,11),(185,'Assigned',116,15),(186,'Assigned',117,10),(187,'Assigned',118,11),(188,'Assigned',119,11),(189,'Assigned',120,15),(190,'Assigned',121,11),(191,'Assigned',122,11),(192,'Assigned',123,10),(193,'Assigned',124,10),(194,'Assigned',125,11),(195,'Assigned',126,10),(196,'Assigned',127,10),(197,'Assigned',128,10),(198,'Assigned',129,11),(199,'Assigned',130,10),(200,'Assigned',131,10),(201,'Assigned',132,10),(202,'Assigned',133,20),(203,'Assigned',134,20),(204,'Assigned',135,20),(205,'Assigned',136,20),(206,'Assigned',137,20),(207,'Assigned',138,20),(208,'Assigned',139,20),(209,'Assigned',140,20),(210,'Assigned',141,12),(211,'Assigned',142,20),(212,'Assigned',143,12),(213,'Assigned',144,20),(214,'Assigned',145,20),(215,'Assigned',146,12),(216,'Assigned',147,12),(217,'Assigned',148,12),(218,'Assigned',149,12),(219,'Assigned',150,18),(220,'Assigned',151,12),(221,'Assigned',152,12),(222,'Assigned',153,18),(223,'Assigned',154,12),(224,'Assigned',155,12),(225,'Assigned',156,12),(226,'Assigned',157,18),(227,'Assigned',158,18),(228,'Assigned',159,18),(229,'Assigned',160,18),(230,'Assigned',161,18),(231,'Assigned',162,18),(232,'Assigned',163,18);
/*!40000 ALTER TABLE `HomeWorkStudentStatus` ENABLE KEYS */;
UNLOCK TABLES;

--
-- Table structure for table `Jurnal`
--

DROP TABLE IF EXISTS `Jurnal`;
/*!40101 SET @saved_cs_client     = @@character_set_client */;
/*!40101 SET character_set_client = utf8 */;
CREATE TABLE `Jurnal` (
  `id` int(11) NOT NULL AUTO_INCREMENT,
  `student_id` int(11) DEFAULT NULL,
  `subject_id` int(11) DEFAULT NULL,
  `teach_id` int(11) DEFAULT NULL,
  PRIMARY KEY (`id`),
  KEY `FK_bhttk0st63r4t10ngxpjjva5j` (`student_id`),
  KEY `FK_ajwa7mqhr7sahbeoshkp6nf3b` (`subject_id`),
  KEY `FK_ey5o516x3dqax7lw8higw2xb4` (`teach_id`),
  CONSTRAINT `FK_ajwa7mqhr7sahbeoshkp6nf3b` FOREIGN KEY (`subject_id`) REFERENCES `Subject` (`id`),
  CONSTRAINT `FK_bhttk0st63r4t10ngxpjjva5j` FOREIGN KEY (`student_id`) REFERENCES `Student` (`id`),
  CONSTRAINT `FK_ey5o516x3dqax7lw8higw2xb4` FOREIGN KEY (`teach_id`) REFERENCES `Teacher` (`id`)
) ENGINE=InnoDB AUTO_INCREMENT=489 DEFAULT CHARSET=utf8;
/*!40101 SET character_set_client = @saved_cs_client */;

--
-- Dumping data for table `Jurnal`
--

LOCK TABLES `Jurnal` WRITE;
/*!40000 ALTER TABLE `Jurnal` DISABLE KEYS */;
INSERT INTO `Jurnal` VALUES (1,7,5,2),(2,7,32,2),(3,7,5,2),(4,2,23,3),(5,16,10,2),(6,2,20,4),(7,16,20,4),(8,7,8,3),(9,7,11,1),(10,7,27,1),(11,2,18,3),(12,7,9,2),(13,7,27,1),(14,16,18,3),(15,7,16,1),(16,7,6,5),(17,7,32,1),(18,7,14,5),(19,7,32,1),(20,16,29,3),(21,21,1,5),(22,7,18,5),(23,7,30,1),(24,2,8,2),(25,16,31,3),(26,7,17,1),(27,21,30,5),(28,16,23,5),(29,7,27,2),(30,16,31,3),(31,16,33,2),(32,21,30,5),(33,2,23,5),(34,7,21,5),(35,7,3,1),(36,7,4,3),(37,2,12,5),(38,21,27,1),(39,7,21,5),(40,16,31,5),(41,7,3,1),(42,2,27,4),(43,2,12,5),(44,7,20,3),(45,2,31,5),(46,16,27,4),(47,7,24,2),(48,16,18,5),(49,16,12,5),(50,2,21,3),(51,16,18,5),(52,16,11,3),(53,16,29,1),(54,2,22,2),(55,16,13,3),(56,2,11,3),(57,2,25,5),(58,16,29,1),(59,2,22,2),(60,21,12,2),(61,17,2,2),(62,2,24,4),(63,2,12,4),(64,2,3,2),(65,17,2,2),(66,16,24,4),(67,21,7,3),(68,16,12,4),(69,16,3,2),(70,21,13,2),(71,21,31,3),(72,2,24,4),(73,21,7,3),(74,21,13,2),(75,17,22,2),(76,16,24,4),(77,16,26,4),(78,21,6,1),(79,21,22,4),(80,21,6,4),(81,17,5,1),(82,2,11,1),(83,2,18,5),(84,21,22,4),(85,21,6,4),(86,21,18,2),(87,16,11,1),(88,16,18,5),(89,21,32,2),(90,21,16,3),(91,21,33,5),(92,16,31,1),(93,21,4,1),(94,21,12,2),(95,16,20,3),(96,17,19,1),(97,21,12,2),(98,21,34,4),(99,17,19,1),(100,21,9,2),(101,17,14,3),(102,17,32,3),(103,21,9,2),(104,21,28,3),(105,17,27,4),(106,21,11,3),(107,3,7,2),(108,17,21,3),(109,6,24,5),(110,21,32,1),(111,17,13,3),(112,17,3,1),(113,19,20,1),(114,6,24,5),(115,17,5,1),(116,3,20,1),(117,17,13,5),(118,6,20,3),(119,6,29,2),(120,17,23,3),(121,19,20,1),(122,6,29,2),(123,17,23,3),(124,17,19,2),(125,6,22,4),(126,17,13,5),(127,3,25,3),(128,6,9,1),(129,6,14,4),(130,17,33,5),(131,6,23,4),(132,19,25,3),(133,17,19,3),(134,6,1,1),(135,6,17,1),(136,6,14,4),(137,17,19,3),(138,17,2,4),(139,6,18,2),(140,6,32,5),(141,6,6,4),(142,17,34,1),(143,17,16,2),(144,6,8,4),(145,6,26,4),(146,5,11,3),(147,17,11,5),(148,6,31,2),(149,6,23,5),(150,17,13,2),(151,5,21,2),(152,17,23,5),(153,6,4,2),(154,6,32,5),(155,5,29,5),(156,17,23,5),(157,6,4,2),(158,5,23,5),(159,6,26,1),(160,3,14,1),(161,6,28,1),(162,5,11,3),(163,3,31,5),(164,19,14,1),(165,6,8,1),(166,3,31,5),(167,1,4,4),(168,3,9,3),(169,8,4,4),(170,6,25,2),(171,3,6,4),(172,19,11,4),(173,19,9,3),(174,19,6,4),(175,8,28,1),(176,19,11,4),(177,8,28,1),(178,19,22,1),(179,3,24,4),(180,3,25,4),(181,3,24,1),(182,3,22,1),(183,19,24,4),(184,1,19,2),(185,19,24,1),(186,3,8,3),(187,19,25,3),(188,19,22,1),(189,3,24,4),(190,8,19,2),(191,3,33,3),(192,19,24,4),(193,3,34,4),(194,19,28,5),(195,4,19,2),(196,3,1,3),(197,3,33,3),(198,8,19,2),(199,3,34,4),(200,3,28,3),(201,19,29,3),(202,19,33,3),(203,3,10,5),(204,3,28,3),(205,19,22,2),(206,19,10,5),(207,4,23,4),(208,5,12,2),(209,1,23,4),(210,19,9,3),(211,3,14,1),(212,3,4,4),(213,3,9,3),(214,5,16,3),(215,3,14,1),(216,5,32,5),(217,1,2,5),(218,19,14,1),(219,4,18,3),(220,5,13,3),(221,19,21,2),(222,5,22,5),(223,5,5,2),(224,5,22,5),(225,4,30,5),(226,3,21,1),(227,5,25,3),(228,5,34,1),(229,8,30,5),(230,19,21,1),(231,5,4,3),(232,4,7,5),(233,19,21,1),(234,5,9,5),(235,5,4,3),(236,9,2,3),(237,4,25,4),(238,5,27,1),(239,8,7,5),(240,5,9,5),(241,8,25,4),(242,5,16,4),(243,9,19,5),(244,8,7,5),(245,14,19,5),(246,8,27,5),(247,5,34,3),(248,8,13,5),(249,8,13,3),(250,1,27,5),(251,1,10,1),(252,9,9,4),(253,4,13,5),(254,5,4,4),(255,8,33,1),(256,14,9,4),(257,1,1,5),(258,4,31,5),(259,4,20,4),(260,5,28,1),(261,1,1,5),(262,8,6,3),(263,4,31,5),(264,9,33,4),(265,1,14,1),(266,5,28,1),(267,8,1,5),(268,1,6,3),(269,9,5,1),(270,1,14,1),(271,8,19,1),(272,4,30,4),(273,4,1,4),(274,14,5,1),(275,4,14,1),(276,4,19,1),(277,14,23,5),(278,4,30,4),(279,13,5,1),(280,4,1,4),(281,8,19,1),(282,9,23,5),(283,4,2,1),(284,8,30,4),(285,8,1,4),(286,14,5,1),(287,13,23,5),(288,8,2,1),(289,8,24,1),(290,14,23,5),(291,8,15,5),(292,4,1,2),(293,1,2,1),(294,1,24,1),(295,15,19,4),(296,13,28,2),(297,8,1,2),(298,4,15,4),(299,4,2,5),(300,9,31,4),(301,13,28,2),(302,8,1,2),(303,15,27,3),(304,8,15,4),(305,13,31,4),(306,13,27,3),(307,1,9,1),(308,1,15,4),(309,11,2,2),(310,14,23,1),(311,4,15,4),(312,8,9,1),(313,9,6,4),(314,9,18,4),(315,8,15,4),(316,13,6,4),(317,14,18,4),(318,11,31,3),(319,15,2,4),(320,9,27,1),(321,14,6,4),(322,8,13,4),(323,11,31,3),(324,9,30,3),(325,14,27,1),(326,15,12,3),(327,14,30,3),(328,14,30,4),(329,14,28,4),(330,11,34,3),(331,9,17,4),(332,9,30,3),(333,10,22,3),(334,9,30,4),(335,11,34,3),(336,13,30,4),(337,13,7,5),(338,9,31,4),(339,9,2,5),(340,13,4,4),(341,14,7,5),(342,13,31,4),(343,13,2,5),(344,11,23,3),(345,14,4,4),(346,14,31,4),(347,14,2,5),(348,15,29,1),(349,9,4,5),(350,11,32,4),(351,9,32,4),(352,14,4,5),(353,9,8,3),(354,15,29,1),(355,13,28,1),(356,11,32,4),(357,13,4,5),(358,9,8,3),(359,20,22,4),(360,15,4,3),(361,13,20,4),(362,15,9,1),(363,10,33,3),(364,14,4,5),(365,9,20,4),(366,9,5,5),(367,20,21,1),(368,15,16,4),(369,13,7,1),(370,10,17,2),(371,9,19,2),(372,11,8,1),(373,9,7,1),(374,15,31,1),(375,15,25,4),(376,10,24,4),(377,12,24,3),(378,14,34,4),(379,11,33,4),(380,13,7,1),(381,14,34,4),(382,14,7,1),(383,11,31,4),(384,12,5,3),(385,10,13,1),(386,11,10,1),(387,10,32,5),(388,13,16,1),(389,12,9,5),(390,15,11,4),(391,11,25,1),(392,14,16,1),(393,10,32,5),(394,11,5,5),(395,12,3,5),(396,11,25,1),(397,15,17,5),(398,9,16,1),(399,10,19,1),(400,12,25,1),(401,10,32,4),(402,15,9,5),(403,14,16,1),(404,11,33,4),(405,20,25,4),(406,12,25,1),(407,10,32,4),(408,15,21,4),(409,10,4,5),(410,15,8,3),(411,10,5,4),(412,20,22,5),(413,10,17,4),(414,20,22,5),(415,15,27,5),(416,10,30,5),(417,10,17,4),(418,10,5,3),(419,11,27,4),(420,15,29,1),(421,20,5,2),(422,10,13,2),(423,10,34,1),(424,18,4,5),(425,15,18,4),(426,18,5,5),(427,11,18,5),(428,10,5,2),(429,12,27,1),(430,20,27,5),(431,18,18,5),(432,20,18,5),(433,20,27,5),(434,12,34,3),(435,11,1,5),(436,18,9,3),(437,20,15,2),(438,20,19,3),(439,11,27,2),(440,20,15,2),(441,12,30,5),(442,20,25,5),(443,10,19,2),(444,20,15,4),(445,20,25,5),(446,20,19,5),(447,10,33,5),(448,18,14,1),(449,12,18,2),(450,12,26,5),(451,12,18,2),(452,18,15,1),(453,12,9,2),(454,12,18,3),(455,18,15,1),(456,12,9,2),(457,18,27,2),(458,12,19,3),(459,18,27,2),(460,12,19,5),(461,12,26,3),(462,18,22,3),(463,20,31,2),(464,18,31,2),(465,20,5,5),(466,18,18,3),(467,18,22,5),(468,20,33,5),(469,18,22,5),(470,18,11,5),(471,18,14,3),(472,12,20,1),(473,18,14,3),(474,18,26,2),(475,12,2,4),(476,18,26,2),(477,18,7,3),(478,12,29,3),(479,18,7,3),(480,18,10,4),(481,12,29,3),(482,18,10,4),(483,18,14,1),(484,18,28,4),(485,18,28,4),(486,18,30,3),(487,18,30,3),(488,18,3,1);
/*!40000 ALTER TABLE `Jurnal` ENABLE KEYS */;
UNLOCK TABLES;

--
-- Table structure for table `MarkStamp`
--

DROP TABLE IF EXISTS `MarkStamp`;
/*!40101 SET @saved_cs_client     = @@character_set_client */;
/*!40101 SET character_set_client = utf8 */;
CREATE TABLE `MarkStamp` (
  `id` int(11) NOT NULL AUTO_INCREMENT,
  `createDate` datetime DEFAULT NULL,
  `mark` varchar(255) DEFAULT NULL,
  `markType` varchar(255) DEFAULT NULL,
  `jurnal_id` int(11) DEFAULT NULL,
  PRIMARY KEY (`id`),
  KEY `FK_qhyyqw4tysr9oifug4y92kg4h` (`jurnal_id`),
  CONSTRAINT `FK_qhyyqw4tysr9oifug4y92kg4h` FOREIGN KEY (`jurnal_id`) REFERENCES `Jurnal` (`id`)
) ENGINE=InnoDB AUTO_INCREMENT=489 DEFAULT CHARSET=utf8;
/*!40101 SET character_set_client = @saved_cs_client */;

--
-- Dumping data for table `MarkStamp`
--

LOCK TABLES `MarkStamp` WRITE;
/*!40000 ALTER TABLE `MarkStamp` DISABLE KEYS */;
INSERT INTO `MarkStamp` VALUES (1,'2017-10-05 21:00:33','m4','THEMATIC',1),(2,'2017-10-05 22:00:37','Accept','CONTROL',2),(3,'2017-09-28 23:00:40','m10','THEMATIC',3),(4,'2017-10-05 21:00:46','m11','THEMATIC',4),(5,'2017-10-05 22:00:49','m12','THEMATIC',5),(6,'2017-10-05 23:00:53','m7','THEMATIC',6),(7,'2017-10-05 23:00:55','m1','THEMATIC',7),(8,'2017-10-06 21:00:56','m1','THEMATIC',8),(9,'2017-09-27 21:00:59','m6','THEMATIC',9),(10,'2017-10-06 22:00:00','m3','THEMATIC',10),(11,'2017-09-29 01:00:00','m1','THEMATIC',11),(12,'2017-10-04 22:00:02','m12','THEMATIC',12),(13,'2017-09-29 22:00:02','m3','THEMATIC',13),(14,'2017-09-29 01:00:03','m8','THEMATIC',14),(15,'2017-10-05 22:00:02','m4','THEMATIC',15),(16,'2017-10-05 23:00:06','m5','THEMATIC',16),(17,'2017-10-07 00:00:07','Accept','CONTROL',17),(18,'2017-09-30 22:00:08','m10','THEMATIC',18),(19,'2017-09-30 00:00:09','m6','THEMATIC',19),(20,'2017-10-04 22:00:10','Absent','VISIT',20),(21,'2017-10-05 21:00:10','Absent','VISIT',21),(22,'2017-10-06 01:00:11','m8','THEMATIC',22),(23,'2017-09-30 23:00:12','m6','THEMATIC',23),(24,'2017-10-04 23:00:13','m10','THEMATIC',24),(25,'2017-10-05 21:00:14','m5','THEMATIC',25),(26,'2017-10-08 22:00:14','m10','THEMATIC',26),(27,'2017-10-05 23:00:15','m6','THEMATIC',27),(28,'2017-10-06 22:00:15','m11','THEMATIC',28),(29,'2017-10-01 00:00:15','m2','THEMATIC',29),(30,'2017-09-28 21:00:17','Accept','CONTROL',30),(31,'2017-09-28 00:00:17','m5','THEMATIC',31),(32,'2017-09-28 23:00:17','m12','THEMATIC',32),(33,'2017-09-29 22:00:18','m2','THEMATIC',33),(34,'2017-10-08 23:00:18','m2','THEMATIC',34),(35,'2017-10-08 01:00:19','m10','THEMATIC',35),(36,'2017-09-25 21:00:20','m6','THEMATIC',36),(37,'2017-10-05 01:00:20','m2','THEMATIC',37),(38,'2017-10-06 00:00:21','m9','THEMATIC',38),(39,'2017-10-01 23:00:20','m6','THEMATIC',39),(40,'2017-10-06 23:00:21','m5','THEMATIC',40),(41,'2017-10-01 01:00:21','Accept','CONTROL',41),(42,'2017-09-28 23:00:21','m2','THEMATIC',42),(43,'2017-09-28 01:00:23','m1','THEMATIC',43),(44,'2017-09-25 22:00:23','Absent','VISIT',44),(45,'2017-09-29 23:00:24','m2','THEMATIC',45),(46,'2017-09-28 23:00:24','m8','THEMATIC',46),(47,'2017-10-09 00:00:24','m3','THEMATIC',47),(48,'2017-10-07 21:00:25','m5','THEMATIC',48),(49,'2017-09-28 01:00:25','m5','THEMATIC',49),(50,'2017-10-07 00:00:27','m5','THEMATIC',50),(51,'2017-09-30 21:00:28','m12','THEMATIC',51),(52,'2017-10-06 01:00:28','Absent','VISIT',52),(53,'2017-10-08 21:00:29','m4','THEMATIC',53),(54,'2017-10-02 21:00:30','m3','THEMATIC',54),(55,'2017-10-07 01:00:31','m10','THEMATIC',55),(56,'2017-09-29 01:00:31','Accept','CONTROL',56),(57,'2017-09-30 22:00:31','m4','THEMATIC',57),(58,'2017-10-01 21:00:32','Absent','VISIT',58),(59,'2017-09-25 21:00:32','m12','THEMATIC',59),(60,'2017-09-27 21:00:33','m2','THEMATIC',60),(61,'2017-10-05 21:00:34','m10','THEMATIC',61),(62,'2017-10-08 22:00:35','m1','THEMATIC',62),(63,'2017-09-25 22:00:36','m4','THEMATIC',63),(64,'2017-10-08 00:00:36','m10','THEMATIC',64),(65,'2017-09-28 21:00:36','m2','THEMATIC',65),(66,'2017-10-08 22:00:37','m6','THEMATIC',66),(67,'2017-10-04 23:00:38','m10','THEMATIC',67),(68,'2017-09-25 22:00:38','Absent','VISIT',68),(69,'2017-10-08 00:00:38','m7','THEMATIC',69),(70,'2017-10-05 21:00:39','m7','THEMATIC',70),(71,'2017-09-29 22:00:40','m12','THEMATIC',71),(72,'2017-10-01 22:00:40','m9','THEMATIC',72),(73,'2017-09-27 23:00:40','m12','THEMATIC',73),(74,'2017-09-28 21:00:41','m9','THEMATIC',74),(75,'2017-09-29 00:00:42','m6','THEMATIC',75),(76,'2017-10-01 22:00:43','Accept','CONTROL',76),(77,'2017-09-26 00:00:43','m5','THEMATIC',77),(78,'2017-10-05 00:00:44','Accept','CONTROL',78),(79,'2017-10-07 00:00:44','m5','THEMATIC',79),(80,'2017-10-05 22:00:45','m7','THEMATIC',80),(81,'2017-09-29 01:00:45','Absent','VISIT',81),(82,'2017-10-08 23:00:46','Absent','VISIT',82),(83,'2017-10-03 01:00:46','Absent','VISIT',83),(84,'2017-09-30 00:00:47','m2','THEMATIC',84),(85,'2017-09-28 22:00:47','m3','THEMATIC',85),(86,'2017-10-07 22:00:48','m5','THEMATIC',86),(87,'2017-10-08 23:00:49','m7','THEMATIC',87),(88,'2017-10-03 01:00:49','m4','THEMATIC',88),(89,'2017-10-07 01:00:50','m4','THEMATIC',89),(90,'2017-09-28 23:00:51','m2','THEMATIC',90),(91,'2017-09-30 23:00:52','Accept','CONTROL',91),(92,'2017-10-02 00:00:52','m12','THEMATIC',92),(93,'2017-10-06 00:00:54','m4','THEMATIC',93),(94,'2017-10-08 00:00:55','m9','THEMATIC',94),(95,'2017-10-09 01:00:56','m12','THEMATIC',95),(96,'2017-10-04 21:00:57','m9','THEMATIC',96),(97,'2017-10-01 00:00:58','m5','THEMATIC',97),(98,'2017-10-02 22:00:58','m6','THEMATIC',98),(99,'2017-09-27 21:00:00','m7','THEMATIC',99),(100,'2017-10-02 23:00:01','m7','THEMATIC',100),(101,'2017-09-29 21:00:03','Absent','VISIT',101),(102,'2017-10-04 22:00:03','m8','THEMATIC',102),(103,'2017-09-25 23:00:04','Absent','VISIT',103),(104,'2017-10-01 23:00:06','m11','THEMATIC',104),(105,'2017-10-06 22:00:06','m7','THEMATIC',105),(106,'2017-10-03 00:00:07','m2','THEMATIC',106),(107,'2017-10-05 22:00:08','m12','THEMATIC',107),(108,'2017-09-28 22:00:09','m11','THEMATIC',108),(109,'2017-10-04 21:00:10','m12','THEMATIC',109),(110,'2017-09-26 01:00:11','m8','THEMATIC',110),(111,'2017-10-07 21:00:11','m11','THEMATIC',111),(112,'2017-10-07 01:00:12','m8','THEMATIC',112),(113,'2017-10-05 23:00:12','m11','THEMATIC',113),(114,'2017-09-27 21:00:12','m6','THEMATIC',114),(115,'2017-09-28 23:00:13','m9','THEMATIC',115),(116,'2017-09-28 23:00:14','m3','THEMATIC',116),(117,'2017-09-30 22:00:15','m1','THEMATIC',117),(118,'2017-10-04 22:00:16','m9','THEMATIC',118),(119,'2017-10-06 22:00:16','Accept','CONTROL',119),(120,'2017-10-06 00:00:16','m7','THEMATIC',120),(121,'2017-09-28 23:00:17','m1','THEMATIC',121),(122,'2017-09-29 22:00:19','m10','THEMATIC',122),(123,'2017-09-29 00:00:19','m3','THEMATIC',123),(124,'2017-10-08 00:00:19','m3','THEMATIC',124),(125,'2017-10-04 23:00:19','m7','THEMATIC',125),(126,'2017-10-08 21:00:21','m2','THEMATIC',126),(127,'2017-10-06 01:00:21','m10','THEMATIC',127),(128,'2017-10-06 23:00:22','m7','THEMATIC',128),(129,'2017-10-05 00:00:23','m4','THEMATIC',129),(130,'2017-09-25 21:00:24','m8','THEMATIC',130),(131,'2017-10-07 21:00:24','Accept','CONTROL',131),(132,'2017-10-06 01:00:24','Accept','CONTROL',132),(133,'2017-10-08 22:00:24','m2','THEMATIC',133),(134,'2017-10-05 22:00:24','m12','THEMATIC',134),(135,'2017-10-07 00:00:25','m10','THEMATIC',135),(136,'2017-09-28 00:00:26','m6','THEMATIC',136),(137,'2017-10-01 22:00:27','m1','THEMATIC',137),(138,'2017-09-25 22:00:27','m2','THEMATIC',138),(139,'2017-10-07 22:00:27','m2','THEMATIC',139),(140,'2017-09-28 23:00:28','m7','THEMATIC',140),(141,'2017-10-05 01:00:29','m5','THEMATIC',141),(142,'2017-10-08 23:00:30','Absent','VISIT',142),(143,'2017-10-02 23:00:30','Absent','VISIT',143),(144,'2017-10-07 23:00:31','m1','THEMATIC',144),(145,'2017-09-29 00:00:31','m7','THEMATIC',145),(146,'2017-10-05 21:00:32','m1','THEMATIC',146),(147,'2017-10-02 00:00:34','m12','THEMATIC',147),(148,'2017-10-08 00:00:34','Absent','VISIT',148),(149,'2017-09-29 01:00:35','m7','THEMATIC',149),(150,'2017-09-26 01:00:35','m1','THEMATIC',150),(151,'2017-09-28 22:00:35','m5','THEMATIC',151),(152,'2017-10-09 01:00:37','m4','THEMATIC',152),(153,'2017-10-08 01:00:38','Absent','VISIT',153),(154,'2017-09-25 21:00:38','m1','THEMATIC',154),(155,'2017-09-28 23:00:39','m10','THEMATIC',155),(156,'2017-10-02 01:00:40','m4','THEMATIC',156),(157,'2017-10-01 01:00:40','m5','THEMATIC',157),(158,'2017-10-06 00:00:42','m8','THEMATIC',158),(159,'2017-10-02 23:00:43','m11','THEMATIC',159),(160,'2017-10-06 21:00:44','m10','THEMATIC',160),(161,'2017-10-08 22:00:44','m12','THEMATIC',161),(162,'2017-10-06 01:00:46','m7','THEMATIC',162),(163,'2017-10-04 21:00:46','m7','THEMATIC',163),(164,'2017-10-06 21:00:46','m6','THEMATIC',164),(165,'2017-10-08 23:00:48','m12','THEMATIC',165),(166,'2017-09-27 21:00:49','m7','THEMATIC',166),(167,'2017-09-28 21:00:49','Absent','VISIT',167),(168,'2017-09-29 22:00:50','m7','THEMATIC',168),(169,'2017-09-28 21:00:51','m10','THEMATIC',169),(170,'2017-10-02 00:00:51','m7','THEMATIC',170),(171,'2017-10-05 21:00:52','Accept','CONTROL',171),(172,'2017-10-04 23:00:53','m8','THEMATIC',172),(173,'2017-09-29 22:00:53','m11','THEMATIC',173),(174,'2017-09-28 21:00:55','m2','THEMATIC',174),(175,'2017-10-05 22:00:55','m9','THEMATIC',175),(176,'2017-09-27 23:00:56','m1','THEMATIC',176),(177,'2017-09-28 22:00:58','m3','THEMATIC',177),(178,'2017-10-07 00:00:58','m8','THEMATIC',178),(179,'2017-10-05 22:00:58','m4','THEMATIC',179),(180,'2017-09-30 21:00:59','m7','THEMATIC',180),(181,'2017-10-05 00:00:00','Absent','VISIT',181),(182,'2017-09-30 00:00:01','m11','THEMATIC',182),(183,'2017-10-05 22:00:01','m5','THEMATIC',183),(184,'2017-10-05 23:00:02','m6','THEMATIC',184),(185,'2017-10-05 00:00:02','Accept','CONTROL',185),(186,'2017-09-30 22:00:02','m2','THEMATIC',186),(187,'2017-10-02 22:00:03','m9','THEMATIC',187),(188,'2017-09-30 00:00:03','Absent','VISIT',188),(189,'2017-09-28 22:00:04','Absent','VISIT',189),(190,'2017-10-05 23:00:04','m8','THEMATIC',190),(191,'2017-10-05 01:00:06','m3','THEMATIC',191),(192,'2017-09-28 22:00:06','m3','THEMATIC',192),(193,'2017-10-08 00:00:07','m6','THEMATIC',193),(194,'2017-10-07 01:00:07','m10','THEMATIC',194),(195,'2017-09-28 23:00:07','m8','THEMATIC',195),(196,'2017-09-25 23:00:08','Accept','CONTROL',196),(197,'2017-09-28 01:00:08','m8','THEMATIC',197),(198,'2017-09-28 23:00:09','m3','THEMATIC',198),(199,'2017-10-01 00:00:10','m10','THEMATIC',199),(200,'2017-10-08 21:00:10','m3','THEMATIC',200),(201,'2017-09-28 23:00:10','m9','THEMATIC',201),(202,'2017-09-28 01:00:11','m8','THEMATIC',202),(203,'2017-10-03 00:00:11','m1','THEMATIC',203),(204,'2017-10-01 21:00:12','m4','THEMATIC',204),(205,'2017-10-06 00:00:13','m5','THEMATIC',205),(206,'2017-09-26 00:00:14','Absent','VISIT',206),(207,'2017-10-06 00:00:14','Absent','VISIT',207),(208,'2017-09-29 22:00:16','m6','THEMATIC',208),(209,'2017-09-29 00:00:17','Accept','CONTROL',209),(210,'2017-10-08 23:00:17','m12','THEMATIC',210),(211,'2017-10-06 01:00:17','m12','THEMATIC',211),(212,'2017-09-26 01:00:17','m1','THEMATIC',212),(213,'2017-10-01 23:00:19','m3','THEMATIC',213),(214,'2017-09-30 22:00:20','Absent','VISIT',214),(215,'2017-09-29 01:00:20','m12','THEMATIC',215),(216,'2017-09-27 22:00:20','m7','THEMATIC',216),(217,'2017-09-29 01:00:20','m4','THEMATIC',217),(218,'2017-09-29 01:00:22','m4','THEMATIC',218),(219,'2017-09-29 21:00:23','m3','THEMATIC',219),(220,'2017-09-30 23:00:23','m9','THEMATIC',220),(221,'2017-10-02 00:00:23','m3','THEMATIC',221),(222,'2017-10-04 23:00:23','m11','THEMATIC',222),(223,'2017-09-25 21:00:26','m1','THEMATIC',223),(224,'2017-09-27 23:00:26','m6','THEMATIC',224),(225,'2017-09-29 22:00:27','m3','THEMATIC',225),(226,'2017-10-09 01:00:27','m5','THEMATIC',226),(227,'2017-10-01 01:00:28','m7','THEMATIC',227),(228,'2017-09-25 22:00:29','Accept','CONTROL',228),(229,'2017-09-29 22:00:29','m11','THEMATIC',229),(230,'2017-10-09 01:00:29','Accept','CONTROL',230),(231,'2017-10-05 00:00:30','m3','THEMATIC',231),(232,'2017-10-07 21:00:31','m10','THEMATIC',232),(233,'2017-10-02 01:00:32','m3','THEMATIC',233),(234,'2017-10-02 23:00:32','Absent','VISIT',234),(235,'2017-09-28 00:00:32','m12','THEMATIC',235),(236,'2017-09-28 21:00:33','Accept','CONTROL',236),(237,'2017-10-06 23:00:33','Accept','CONTROL',237),(238,'2017-09-28 23:00:33','m6','THEMATIC',238),(239,'2017-10-07 21:00:34','m1','THEMATIC',239),(240,'2017-09-25 23:00:35','m8','THEMATIC',240),(241,'2017-10-06 23:00:36','m3','THEMATIC',241),(242,'2017-10-05 01:00:36','m3','THEMATIC',242),(243,'2017-10-05 22:00:36','m10','THEMATIC',243),(244,'2017-09-30 21:00:37','m6','THEMATIC',244),(245,'2017-10-05 22:00:39','m11','THEMATIC',245),(246,'2017-10-05 21:00:39','m4','THEMATIC',246),(247,'2017-10-03 01:00:39','Absent','VISIT',247),(248,'2017-10-04 21:00:40','m2','THEMATIC',248),(249,'2017-09-30 01:00:41','m6','THEMATIC',249),(250,'2017-09-28 21:00:42','m4','THEMATIC',250),(251,'2017-10-07 23:00:42','m1','THEMATIC',251),(252,'2017-10-05 23:00:42','m7','THEMATIC',252),(253,'2017-09-27 21:00:42','m2','THEMATIC',253),(254,'2017-10-01 23:00:42','m1','THEMATIC',254),(255,'2017-09-25 21:00:43','m3','THEMATIC',255),(256,'2017-09-28 23:00:45','m6','THEMATIC',256),(257,'2017-10-05 22:00:45','m11','THEMATIC',257),(258,'2017-10-08 00:00:46','m9','THEMATIC',258),(259,'2017-10-04 22:00:46','m6','THEMATIC',259),(260,'2017-10-09 01:00:47','m2','THEMATIC',260),(261,'2017-09-28 22:00:48','m2','THEMATIC',261),(262,'2017-10-02 23:00:48','Accept','CONTROL',262),(263,'2017-10-01 00:00:48','m5','THEMATIC',263),(264,'2017-10-06 00:00:48','m4','THEMATIC',264),(265,'2017-10-04 23:00:49','m10','THEMATIC',265),(266,'2017-10-02 01:00:50','m5','THEMATIC',266),(267,'2017-09-28 22:00:50','m6','THEMATIC',267),(268,'2017-10-08 01:00:52','m1','THEMATIC',268),(269,'2017-10-06 01:00:52','m2','THEMATIC',269),(270,'2017-09-27 23:00:52','m1','THEMATIC',270),(271,'2017-10-03 00:00:52','m7','THEMATIC',271),(272,'2017-10-05 23:00:54','m7','THEMATIC',272),(273,'2017-10-08 22:00:54','m12','THEMATIC',273),(274,'2017-10-06 01:00:54','m3','THEMATIC',274),(275,'2017-09-27 23:00:54','m10','THEMATIC',275),(276,'2017-09-26 00:00:54','m10','THEMATIC',276),(277,'2017-10-06 22:00:55','m4','THEMATIC',277),(278,'2017-09-28 23:00:57','m9','THEMATIC',278),(279,'2017-09-29 01:00:57','m9','THEMATIC',279),(280,'2017-10-01 22:00:57','m1','THEMATIC',280),(281,'2017-09-26 00:00:57','m7','THEMATIC',281),(282,'2017-09-29 22:00:57','m12','THEMATIC',282),(283,'2017-10-05 00:00:58','m11','THEMATIC',283),(284,'2017-09-28 23:00:59','m6','THEMATIC',284),(285,'2017-10-01 22:00:59','m8','THEMATIC',285),(286,'2017-09-29 01:00:59','m3','THEMATIC',286),(287,'2017-09-29 22:00:00','m8','THEMATIC',287),(288,'2017-10-05 00:00:00','m6','THEMATIC',288),(289,'2017-10-03 01:00:00','m1','THEMATIC',289),(290,'2017-09-29 22:00:02','m3','THEMATIC',290),(291,'2017-10-08 23:00:03','m5','THEMATIC',291),(292,'2017-10-06 00:00:03','m10','THEMATIC',292),(293,'2017-09-28 00:00:03','m6','THEMATIC',293),(294,'2017-09-26 01:00:03','Absent','VISIT',294),(295,'2017-09-28 22:00:04','m5','THEMATIC',295),(296,'2017-10-07 21:00:05','m5','THEMATIC',296),(297,'2017-10-06 00:00:05','m5','THEMATIC',297),(298,'2017-10-09 00:00:06','m5','THEMATIC',298),(299,'2017-09-28 01:00:07','m1','THEMATIC',299),(300,'2017-09-30 00:00:07','m11','THEMATIC',300),(301,'2017-09-30 21:00:07','m1','THEMATIC',301),(302,'2017-09-29 00:00:08','m3','THEMATIC',302),(303,'2017-10-06 00:00:08','Accept','CONTROL',303),(304,'2017-10-09 00:00:09','Accept','CONTROL',304),(305,'2017-09-30 00:00:10','m12','THEMATIC',305),(306,'2017-09-30 22:00:11','m10','THEMATIC',306),(307,'2017-10-06 01:00:11','m4','THEMATIC',307),(308,'2017-10-02 00:00:12','Accept','CONTROL',308),(309,'2017-09-28 21:00:13','m9','THEMATIC',309),(310,'2017-09-30 01:00:13','m8','THEMATIC',310),(311,'2017-10-02 00:00:14','Accept','CONTROL',311),(312,'2017-09-29 01:00:14','m7','THEMATIC',312),(313,'2017-09-30 23:00:14','m3','THEMATIC',313),(314,'2017-10-02 21:00:16','m3','THEMATIC',314),(315,'2017-10-02 00:00:16','m10','THEMATIC',315),(316,'2017-09-30 23:00:17','m8','THEMATIC',316),(317,'2017-09-25 21:00:18','m1','THEMATIC',317),(318,'2017-10-06 00:00:19','m7','THEMATIC',318),(319,'2017-10-06 23:00:19','m10','THEMATIC',319),(320,'2017-10-04 21:00:19','m1','THEMATIC',320),(321,'2017-09-30 23:00:20','Absent','VISIT',321),(322,'2017-10-09 01:00:20','Accept','CONTROL',322),(323,'2017-09-29 00:00:21','m4','THEMATIC',323),(324,'2017-10-02 22:00:22','m10','THEMATIC',324),(325,'2017-09-27 21:00:22','m12','THEMATIC',325),(326,'2017-10-07 01:00:23','Absent','VISIT',326),(327,'2017-10-02 22:00:24','m11','THEMATIC',327),(328,'2017-10-08 01:00:25','m10','THEMATIC',328),(329,'2017-10-04 22:00:26','m7','THEMATIC',329),(330,'2017-10-06 21:00:27','m5','THEMATIC',330),(331,'2017-09-28 21:00:27','Absent','VISIT',331),(332,'2017-09-25 22:00:27','m3','THEMATIC',332),(333,'2017-10-05 22:00:27','m8','THEMATIC',333),(334,'2017-10-01 01:00:27','m1','THEMATIC',334),(335,'2017-09-29 21:00:29','m4','THEMATIC',335),(336,'2017-10-01 01:00:30','m12','THEMATIC',336),(337,'2017-09-28 22:00:31','m7','THEMATIC',337),(338,'2017-09-25 23:00:31','m8','THEMATIC',338),(339,'2017-09-28 00:00:31','Absent','VISIT',339),(340,'2017-10-08 21:00:33','Absent','VISIT',340),(341,'2017-09-28 22:00:33','m2','THEMATIC',341),(342,'2017-09-25 23:00:34','m11','THEMATIC',342),(343,'2017-10-06 23:00:34','m6','THEMATIC',344),(344,'2017-09-28 00:00:34','m9','THEMATIC',343),(345,'2017-10-08 21:00:36','m5','THEMATIC',345),(346,'2017-09-25 23:00:36','m11','THEMATIC',346),(347,'2017-09-28 00:00:37','m8','THEMATIC',347),(348,'2017-10-08 00:00:37','m7','THEMATIC',348),(349,'2017-10-05 23:00:37','m5','THEMATIC',349),(350,'2017-10-07 00:00:38','m6','THEMATIC',350),(351,'2017-10-01 22:00:40','m5','THEMATIC',351),(352,'2017-10-05 23:00:40','m7','THEMATIC',352),(353,'2017-10-03 00:00:40','m2','THEMATIC',353),(354,'2017-10-01 00:00:40','m10','THEMATIC',354),(355,'2017-10-05 01:00:40','m5','THEMATIC',355),(356,'2017-09-30 00:00:40','m10','THEMATIC',356),(357,'2017-09-28 23:00:43','m6','THEMATIC',357),(358,'2017-09-26 00:00:43','m12','THEMATIC',358),(359,'2017-10-05 21:00:43','m9','THEMATIC',359),(360,'2017-10-01 01:00:43','m9','THEMATIC',360),(361,'2017-10-08 23:00:43','m2','THEMATIC',361),(362,'2017-09-27 21:00:44','m2','THEMATIC',362),(363,'2017-09-29 21:00:45','m12','THEMATIC',363),(364,'2017-09-28 23:00:45','m4','THEMATIC',364),(365,'2017-10-01 23:00:46','Accept','CONTROL',365),(366,'2017-10-03 01:00:46','m7','THEMATIC',366),(367,'2017-09-28 22:00:47','m12','THEMATIC',367),(368,'2017-09-27 22:00:48','m6','THEMATIC',368),(369,'2017-10-06 00:00:49','m12','THEMATIC',369),(370,'2017-09-29 22:00:49','m6','THEMATIC',370),(371,'2017-10-02 00:00:50','m9','THEMATIC',371),(372,'2017-10-01 00:00:50','m11','THEMATIC',372),(373,'2017-09-29 00:00:51','m4','THEMATIC',373),(374,'2017-09-25 23:00:52','m5','THEMATIC',374),(375,'2017-09-28 00:00:52','m9','THEMATIC',375),(376,'2017-10-07 00:00:53','m9','THEMATIC',376),(377,'2017-09-28 21:00:53','m6','THEMATIC',377),(378,'2017-10-09 01:00:53','Accept','CONTROL',378),(379,'2017-10-01 01:00:54','m2','THEMATIC',379),(380,'2017-09-29 00:00:54','m10','THEMATIC',380),(381,'2017-10-02 01:00:56','Accept','CONTROL',381),(382,'2017-09-29 00:00:56','m8','THEMATIC',382),(383,'2017-09-27 21:00:57','m11','THEMATIC',383),(384,'2017-09-28 22:00:57','m6','THEMATIC',384),(385,'2017-09-30 01:00:57','m7','THEMATIC',385),(386,'2017-10-02 21:00:57','m3','THEMATIC',386),(387,'2017-10-07 22:00:59','m3','THEMATIC',387),(388,'2017-10-06 01:00:00','m3','THEMATIC',388),(389,'2017-10-05 23:00:00','m9','THEMATIC',389),(390,'2017-10-01 22:00:01','m3','THEMATIC',390),(391,'2017-10-02 22:00:01','m5','THEMATIC',391),(392,'2017-10-06 01:00:03','m11','THEMATIC',392),(393,'2017-09-30 22:00:03','m3','THEMATIC',393),(394,'2017-10-05 01:00:04','m2','THEMATIC',394),(395,'2017-09-29 00:00:04','Accept','CONTROL',395),(396,'2017-09-25 22:00:04','m12','THEMATIC',396),(397,'2017-10-08 23:00:04','m4','THEMATIC',397),(398,'2017-09-29 01:00:05','m5','THEMATIC',398),(399,'2017-10-04 21:00:07','Absent','VISIT',399),(400,'2017-10-06 01:00:07','m10','THEMATIC',400),(401,'2017-10-08 00:00:07','m1','THEMATIC',401),(402,'2017-10-02 00:00:08','m4','THEMATIC',402),(403,'2017-09-29 01:00:08','Accept','CONTROL',403),(404,'2017-09-26 00:00:09','m8','THEMATIC',404),(405,'2017-09-29 21:00:10','Accept','CONTROL',405),(406,'2017-09-29 01:00:10','Absent','VISIT',406),(407,'2017-10-01 00:00:10','m9','THEMATIC',407),(408,'2017-10-02 01:00:11','m2','THEMATIC',408),(409,'2017-10-04 23:00:12','m8','THEMATIC',409),(410,'2017-09-28 22:00:13','m6','THEMATIC',410),(411,'2017-09-25 21:00:13','m4','THEMATIC',411),(412,'2017-10-06 22:00:13','m12','THEMATIC',412),(413,'2017-10-08 01:00:14','m12','THEMATIC',413),(414,'2017-09-29 22:00:16','m12','THEMATIC',414),(415,'2017-09-28 23:00:16','m2','THEMATIC',415),(416,'2017-10-05 01:00:16','m11','THEMATIC',416),(417,'2017-10-01 01:00:16','m7','THEMATIC',417),(418,'2017-09-25 23:00:18','m11','THEMATIC',418),(419,'2017-10-02 00:00:18','m10','THEMATIC',419),(420,'2017-09-29 00:00:20','m6','THEMATIC',420),(421,'2017-09-30 00:00:20','m9','THEMATIC',421),(422,'2017-10-03 01:00:22','Accept','CONTROL',422),(423,'2017-10-08 21:00:22','m8','THEMATIC',423),(424,'2017-10-05 21:00:23','m12','THEMATIC',424),(425,'2017-10-06 01:00:23','m8','THEMATIC',425),(426,'2017-10-05 22:00:26','Accept','CONTROL',426),(427,'2017-09-28 21:00:27','m9','THEMATIC',427),(428,'2017-10-09 00:00:28','m3','THEMATIC',428),(429,'2017-10-07 00:00:28','m12','THEMATIC',429),(430,'2017-10-04 21:00:28','m11','THEMATIC',430),(431,'2017-10-05 23:00:30','m4','THEMATIC',431),(432,'2017-09-30 22:00:30','m2','THEMATIC',432),(433,'2017-09-27 21:00:31','m5','THEMATIC',433),(434,'2017-09-30 01:00:31','Absent','VISIT',434),(435,'2017-09-29 00:00:32','Accept','CONTROL',435),(436,'2017-09-29 00:00:33','Absent','VISIT',436),(437,'2017-10-04 22:00:34','m12','THEMATIC',437),(438,'2017-09-25 21:00:35','m11','THEMATIC',438),(439,'2017-10-06 01:00:36','Accept','CONTROL',439),(440,'2017-09-27 22:00:37','m11','THEMATIC',440),(441,'2017-10-07 22:00:38','m2','THEMATIC',441),(442,'2017-10-02 23:00:39','m12','THEMATIC',442),(443,'2017-10-05 22:00:40','Absent','VISIT',443),(444,'2017-09-27 23:00:40','m8','THEMATIC',444),(445,'2017-09-25 23:00:42','m2','THEMATIC',445),(446,'2017-10-01 22:00:42','m8','THEMATIC',446),(447,'2017-09-28 23:00:44','m6','THEMATIC',447),(448,'2017-09-29 22:00:44','Absent','VISIT',448),(449,'2017-10-04 22:00:47','Accept','CONTROL',449),(450,'2017-09-25 21:00:47','m1','THEMATIC',450),(451,'2017-09-27 22:00:49','m11','THEMATIC',451),(452,'2017-10-07 01:00:50','Accept','CONTROL',452),(453,'2017-10-08 23:00:50','m12','THEMATIC',453),(454,'2017-10-02 22:00:51','m2','THEMATIC',454),(455,'2017-09-30 01:00:52','m4','THEMATIC',455),(456,'2017-10-01 23:00:53','m8','THEMATIC',456),(457,'2017-10-07 21:00:53','m3','THEMATIC',457),(458,'2017-10-02 23:00:54','m7','THEMATIC',458),(459,'2017-09-30 21:00:55','m8','THEMATIC',459),(460,'2017-10-02 00:00:56','m5','THEMATIC',460),(461,'2017-09-26 01:00:59','m6','THEMATIC',461),(462,'2017-10-07 22:00:59','m6','THEMATIC',462),(463,'2017-10-05 23:00:00','Accept','CONTROL',463),(464,'2017-10-01 00:00:03','m5','THEMATIC',464),(465,'2017-09-29 00:00:03','m6','THEMATIC',465),(466,'2017-10-04 22:00:05','m5','THEMATIC',466),(467,'2017-10-08 01:00:07','m8','THEMATIC',467),(468,'2017-09-29 01:00:07','m5','THEMATIC',468),(469,'2017-10-01 01:00:09','m4','THEMATIC',469),(470,'2017-10-01 22:00:11','m10','THEMATIC',470),(471,'2017-10-02 21:00:11','m1','THEMATIC',471),(472,'2017-09-28 22:00:11','Absent','VISIT',472),(473,'2017-09-25 21:00:14','m7','THEMATIC',473),(474,'2017-10-08 23:00:14','m1','THEMATIC',474),(475,'2017-10-05 23:00:15','m7','THEMATIC',475),(476,'2017-10-01 23:00:17','Absent','VISIT',476),(477,'2017-10-02 22:00:17','m8','THEMATIC',477),(478,'2017-10-06 00:00:18','m1','THEMATIC',478),(479,'2017-09-25 22:00:20','m3','THEMATIC',479),(480,'2017-10-09 00:00:20','m6','THEMATIC',480),(481,'2017-09-29 00:00:21','m10','THEMATIC',481),(482,'2017-10-02 00:00:23','m9','THEMATIC',482),(483,'2017-09-25 23:00:24','m6','THEMATIC',483),(484,'2017-10-03 01:00:28','m3','THEMATIC',484),(485,'2017-09-26 01:00:31','m12','THEMATIC',485),(486,'2017-10-05 22:00:35','m3','THEMATIC',486),(487,'2017-09-28 22:00:37','m11','THEMATIC',487),(488,'2017-09-29 00:00:42','Accept','CONTROL',488);
/*!40000 ALTER TABLE `MarkStamp` ENABLE KEYS */;
UNLOCK TABLES;

--
-- Table structure for table `Photos`
--

DROP TABLE IF EXISTS `Photos`;
/*!40101 SET @saved_cs_client     = @@character_set_client */;
/*!40101 SET character_set_client = utf8 */;
CREATE TABLE `Photos` (
  `id` bigint(20) NOT NULL AUTO_INCREMENT,
  `body` longblob,
  `name` varchar(255) DEFAULT NULL,
  PRIMARY KEY (`id`)
) ENGINE=InnoDB AUTO_INCREMENT=2 DEFAULT CHARSET=utf8;
/*!40101 SET character_set_client = @saved_cs_client */;

--
-- Dumping data for table `Photos`
--

LOCK TABLES `Photos` WRITE;
/*!40000 ALTER TABLE `Photos` DISABLE KEYS */;
INSERT INTO `Photos` VALUES (1,'PNG\r\n\Z\n\0\0\0\rIHDR\0\0\0\\0\0\0\\0\0\0	m\"H\0\0\0]PLTE|||xxxvvv\\Į\\ˋ\\\\\\\\럟\\\\\\\\滻=\`\0\0$IDATx\\v@\̀\\I)\{ݭSB\w՛W\\bX,\bXf%(訵>FQP?4\Z)qG:\ulI\BP\ԏ7w1\WH!\̥~\	\_\\"UXP?\H\w6Î`\W\M\\Z\E-:\\\D\R?voT\r\נ҅,_{_\0\E\Ƌ7R_w~nB1A㈐Z@\4FbJ-\O\j@#b޸k\w䎯\\r@#qC-\!\\"bj)\\Z>gd\2\Q\\\"\ 8@\rG-\\'\T\CN\\\^Î\YS\z6pD>B6E2\n\	M\Z\\r$}\r\\ZX!4A<R\\w$kTBDR5BM-ϐ\\rR3Ld\\)	\n<-1\fҿYD:})?e_AYD;\!?\/SRG[\\.4fιh\nO5ț\b,\q\\\\\ۡ\Bd\\4\\-ֿ\Ԇ^\;\\'\ߞ\^c7\&?#\̼۵!][\7TX	^f_\\n\\M\\;T_\rߠ\Z\OV\Qw1\\_}g\t\A%XBE\\9@ά7\0\\\?\0\\"\9x\'iZ@7)+\޽Ŭ7H\Z=\%\\Z@\!ݛ 섕Ho\fDW(\\Hҿ%G\"Yb\Rŋv\Xp\\\\7V?W\\{\\\\vŏL\bX,oF`N2.\9L¸\u>\\\fS7\gn?}B@ybe\s+K\\Iu\\|g/﫢[hjB6:\u1nt\<i.rsX,\tB\\4\LK&C6\o<S<E\\\\0F$a??9Dh\n3\\#T< \\{ U5oAt4\VÐW\Z73\\$Z\\֗g\Z=Y\0[$v\\\%8\Zp,Q,p{\r⡝\\)@b>\\"U9L\\\Nʡt^\\\hD(Cb/\$!Bh}\\&\Hn3\>oV[EZ\/&\Z(ڂ\;\n}f\}iFM\)Ь\0/\l-7d\0deL\%\\\\h+aaZoby.\B\z\0k\hu\5;Pp(S\\r`\,\HHh\\B\69\t\"\`\\nd\\\[5g&ńk.)fHv\rQ\YO\\\uyJoOYG\#N9[A29;\FQѹlg\{>T1\\~yA;h_p\m\<?4\q7L]RԬ>p#JJJ|_\Hg\6gQ8u]\nr\r\7\E\\b,\\\\ec1x\e\I\c%\T~F}6Gm\\ZvZxd-Յ\N\SV\\\䤣eF\%n\Z`Y\bX,\bX,k\mlU\0\0\0\0IENDB`','default_avatar.png');
/*!40000 ALTER TABLE `Photos` ENABLE KEYS */;
UNLOCK TABLES;

--
-- Table structure for table `Schedule`
--

DROP TABLE IF EXISTS `Schedule`;
/*!40101 SET @saved_cs_client     = @@character_set_client */;
/*!40101 SET character_set_client = utf8 */;
CREATE TABLE `Schedule` (
  `id` int(11) NOT NULL AUTO_INCREMENT,
  `weekDayName` varchar(255) DEFAULT NULL,
  `time_id` int(11) DEFAULT NULL,
  `group_id` int(11) DEFAULT NULL,
  `subj_id` int(11) DEFAULT NULL,
  `teach_id` int(11) DEFAULT NULL,
  PRIMARY KEY (`id`),
  KEY `FK_kjpmkxvbl68o39s6wobqhf3p7` (`time_id`),
  KEY `FK_1snxx7j7pgficdo6qyx2i13m5` (`group_id`),
  KEY `FK_3i7r38sfe8ket88v8n4s0fpjp` (`subj_id`),
  KEY `FK_n3kt7iu75sb8l824q5hvh5h8p` (`teach_id`),
  CONSTRAINT `FK_1snxx7j7pgficdo6qyx2i13m5` FOREIGN KEY (`group_id`) REFERENCES `StudentsGroup` (`id`),
  CONSTRAINT `FK_3i7r38sfe8ket88v8n4s0fpjp` FOREIGN KEY (`subj_id`) REFERENCES `Subject` (`id`),
  CONSTRAINT `FK_kjpmkxvbl68o39s6wobqhf3p7` FOREIGN KEY (`time_id`) REFERENCES `ScheduleTimes` (`id`),
  CONSTRAINT `FK_n3kt7iu75sb8l824q5hvh5h8p` FOREIGN KEY (`teach_id`) REFERENCES `Teacher` (`id`)
) ENGINE=InnoDB AUTO_INCREMENT=1156 DEFAULT CHARSET=utf8;
/*!40101 SET character_set_client = @saved_cs_client */;

--
-- Dumping data for table `Schedule`
--

LOCK TABLES `Schedule` WRITE;
/*!40000 ALTER TABLE `Schedule` DISABLE KEYS */;
INSERT INTO `Schedule` VALUES (1,'Monday',1,1,31,2),(2,'Monday',2,1,7,2),(3,'Monday',3,1,13,2),(4,'Monday',4,1,3,4),(5,'Monday',5,1,26,5),(6,'Monday',1,2,4,3),(7,'Monday',2,2,20,3),(8,'Monday',3,2,33,2),(9,'Monday',4,2,17,2),(10,'Monday',5,2,33,1),(11,'Monday',1,3,22,2),(12,'Monday',2,3,12,4),(13,'Monday',3,3,13,5),(14,'Monday',4,3,26,4),(15,'Monday',5,3,18,5),(16,'Monday',1,4,6,1),(17,'Monday',2,4,11,1),(18,'Monday',3,4,7,5),(19,'Monday',4,4,5,1),(20,'Monday',5,4,30,5),(21,'Monday',1,5,25,4),(22,'Monday',2,5,34,4),(23,'Monday',3,5,9,2),(24,'Monday',4,5,11,3),(25,'Monday',5,5,32,1),(26,'Monday',1,6,4,3),(27,'Monday',2,6,29,2),(28,'Monday',3,6,5,5),(29,'Monday',4,6,24,1),(30,'Monday',5,6,30,2),(31,'Monday',1,7,18,2),(32,'Monday',2,7,29,5),(33,'Monday',3,7,26,5),(34,'Monday',4,7,13,5),(35,'Monday',5,7,12,2),(36,'Monday',1,8,33,5),(37,'Monday',2,8,2,4),(38,'Monday',3,8,16,2),(39,'Monday',4,8,7,2),(40,'Monday',5,8,13,2),(41,'Monday',1,9,32,5),(42,'Monday',2,9,16,4),(43,'Monday',3,9,26,1),(44,'Monday',4,9,33,5),(45,'Monday',5,9,1,4),(46,'Monday',1,10,1,1),(47,'Monday',2,10,17,4),(48,'Monday',3,10,26,2),(49,'Monday',4,10,11,2),(50,'Monday',5,10,13,3),(51,'Monday',1,11,11,3),(52,'Monday',2,11,16,1),(53,'Monday',3,11,3,3),(54,'Monday',4,11,6,3),(55,'Monday',5,11,33,4),(56,'Monday',1,12,34,5),(57,'Monday',2,12,5,3),(58,'Monday',3,12,11,2),(59,'Monday',4,12,27,5),(60,'Monday',5,12,17,3),(61,'Monday',1,13,33,5),(62,'Monday',2,13,25,3),(63,'Monday',3,13,1,3),(64,'Monday',4,13,10,5),(65,'Monday',5,13,4,4),(66,'Monday',1,14,17,2),(67,'Monday',2,14,9,3),(68,'Monday',3,14,28,4),(69,'Monday',4,14,3,2),(70,'Monday',5,14,24,1),(71,'Monday',1,15,5,2),(72,'Monday',2,15,34,1),(73,'Monday',3,15,9,5),(74,'Monday',4,15,28,3),(75,'Monday',5,15,34,3),(76,'Monday',1,16,33,1),(77,'Monday',2,16,1,5),(78,'Monday',3,16,6,3),(79,'Monday',4,16,19,1),(80,'Monday',5,16,24,1),(81,'Monday',1,17,18,4),(82,'Monday',2,17,1,1),(83,'Monday',3,17,4,4),(84,'Monday',4,17,6,1),(85,'Monday',5,17,23,1),(86,'Monday',1,18,30,4),(87,'Monday',2,18,9,2),(88,'Monday',3,18,18,3),(89,'Monday',4,18,8,4),(90,'Monday',5,18,10,2),(91,'Monday',1,19,18,4),(92,'Monday',2,19,30,3),(93,'Monday',3,19,31,4),(94,'Monday',4,19,8,3),(95,'Monday',5,19,5,5),(96,'Monday',1,20,13,4),(97,'Monday',2,20,34,1),(98,'Monday',3,20,31,1),(99,'Monday',4,20,5,3),(100,'Monday',5,20,18,4),(101,'Monday',1,21,10,1),(102,'Monday',2,21,25,1),(103,'Monday',3,21,30,4),(104,'Monday',4,21,33,4),(105,'Monday',5,21,28,5),(106,'Monday',1,22,5,4),(107,'Monday',2,22,30,5),(108,'Monday',3,22,5,3),(109,'Monday',4,22,22,5),(110,'Monday',5,22,13,2),(111,'Monday',1,23,9,4),(112,'Monday',2,23,17,1),(113,'Monday',3,23,14,2),(114,'Monday',4,23,8,5),(115,'Monday',5,23,15,1),(116,'Monday',1,24,19,4),(117,'Monday',2,24,6,5),(118,'Monday',3,24,23,2),(119,'Monday',4,24,15,2),(120,'Monday',5,24,2,2),(121,'Monday',1,25,19,3),(122,'Monday',2,25,32,1),(123,'Monday',3,25,25,5),(124,'Monday',4,25,21,3),(125,'Monday',5,25,4,3),(126,'Monday',1,26,26,5),(127,'Monday',2,26,18,3),(128,'Monday',3,26,19,3),(129,'Monday',4,26,33,5),(130,'Monday',5,26,26,3),(131,'Monday',1,27,2,5),(132,'Monday',2,27,3,3),(133,'Monday',3,27,30,3),(134,'Monday',4,27,13,1),(135,'Monday',5,27,21,4),(136,'Monday',1,28,32,1),(137,'Monday',2,28,3,4),(138,'Monday',3,28,33,1),(139,'Monday',4,28,25,3),(140,'Monday',5,28,15,4),(141,'Monday',1,29,14,3),(142,'Monday',2,29,7,3),(143,'Monday',3,29,14,1),(144,'Monday',4,29,32,4),(145,'Monday',5,29,28,4),(146,'Monday',1,30,31,2),(147,'Monday',2,30,14,5),(148,'Monday',3,30,10,5),(149,'Monday',4,30,3,1),(150,'Monday',5,30,29,5),(151,'Monday',1,31,7,4),(152,'Monday',2,31,33,3),(153,'Monday',3,31,22,2),(154,'Monday',4,31,17,4),(155,'Monday',5,31,10,5),(156,'Monday',1,32,17,2),(157,'Monday',2,32,25,2),(158,'Monday',3,32,30,2),(159,'Monday',4,32,16,4),(160,'Monday',5,32,17,2),(161,'Monday',1,33,3,2),(162,'Monday',2,33,22,4),(163,'Monday',3,33,33,2),(164,'Monday',4,33,25,4),(165,'Monday',5,33,17,5),(166,'Tuesday',1,1,23,4),(167,'Tuesday',2,1,18,3),(168,'Tuesday',3,1,6,4),(169,'Tuesday',4,1,24,3),(170,'Tuesday',5,1,12,2),(171,'Tuesday',1,2,4,2),(172,'Tuesday',2,2,16,1),(173,'Tuesday',3,2,6,5),(174,'Tuesday',4,2,26,3),(175,'Tuesday',5,2,18,5),(176,'Tuesday',1,3,31,3),(177,'Tuesday',2,3,11,2),(178,'Tuesday',3,3,27,4),(179,'Tuesday',4,3,9,5),(180,'Tuesday',5,3,11,3),(181,'Tuesday',1,4,15,3),(182,'Tuesday',2,4,34,2),(183,'Tuesday',3,4,3,2),(184,'Tuesday',4,4,24,3),(185,'Tuesday',5,4,25,1),(186,'Tuesday',1,5,13,2),(187,'Tuesday',2,5,6,4),(188,'Tuesday',3,5,16,3),(189,'Tuesday',4,5,4,1),(190,'Tuesday',5,5,6,1),(191,'Tuesday',1,6,2,5),(192,'Tuesday',2,6,7,2),(193,'Tuesday',3,6,27,5),(194,'Tuesday',4,6,30,2),(195,'Tuesday',5,6,21,1),(196,'Tuesday',1,7,10,3),(197,'Tuesday',2,7,22,3),(198,'Tuesday',3,7,21,1),(199,'Tuesday',4,7,4,5),(200,'Tuesday',5,7,20,1),(201,'Tuesday',1,8,20,5),(202,'Tuesday',2,8,21,3),(203,'Tuesday',3,8,5,1),(204,'Tuesday',4,8,23,3),(205,'Tuesday',5,8,5,5),(206,'Tuesday',1,9,24,1),(207,'Tuesday',2,9,1,1),(208,'Tuesday',3,9,32,5),(209,'Tuesday',4,9,26,4),(210,'Tuesday',5,9,23,5),(211,'Tuesday',1,10,24,1),(212,'Tuesday',2,10,27,5),(213,'Tuesday',3,10,24,1),(214,'Tuesday',4,10,26,3),(215,'Tuesday',5,10,19,1),(216,'Tuesday',1,11,23,1),(217,'Tuesday',2,11,13,1),(218,'Tuesday',3,11,4,4),(219,'Tuesday',4,11,20,2),(220,'Tuesday',5,11,31,3),(221,'Tuesday',1,12,14,3),(222,'Tuesday',2,12,11,4),(223,'Tuesday',3,12,33,5),(224,'Tuesday',4,12,12,2),(225,'Tuesday',5,12,2,4),(226,'Tuesday',1,13,6,4),(227,'Tuesday',2,13,24,4),(228,'Tuesday',3,13,29,3),(229,'Tuesday',4,13,22,2),(230,'Tuesday',5,13,14,1),(231,'Tuesday',1,14,1,1),(232,'Tuesday',2,14,30,5),(233,'Tuesday',3,14,12,1),(234,'Tuesday',4,14,22,5),(235,'Tuesday',5,14,9,3),(236,'Tuesday',1,15,12,5),(237,'Tuesday',2,15,1,5),(238,'Tuesday',3,15,27,1),(239,'Tuesday',4,15,20,2),(240,'Tuesday',5,15,12,5),(241,'Tuesday',1,16,27,5),(242,'Tuesday',2,16,1,5),(243,'Tuesday',3,16,30,4),(244,'Tuesday',4,16,1,2),(245,'Tuesday',5,16,9,1),(246,'Tuesday',1,17,33,2),(247,'Tuesday',2,17,24,4),(248,'Tuesday',3,17,32,2),(249,'Tuesday',4,17,14,1),(250,'Tuesday',5,17,16,3),(251,'Tuesday',1,18,22,4),(252,'Tuesday',2,18,3,3),(253,'Tuesday',3,18,33,2),(254,'Tuesday',4,18,24,3),(255,'Tuesday',5,18,30,2),(256,'Tuesday',1,19,17,4),(257,'Tuesday',2,19,7,5),(258,'Tuesday',3,19,4,5),(259,'Tuesday',4,19,7,1),(260,'Tuesday',5,19,16,1),(261,'Tuesday',1,20,11,4),(262,'Tuesday',2,20,8,3),(263,'Tuesday',3,20,27,5),(264,'Tuesday',4,20,29,1),(265,'Tuesday',5,20,18,4),(266,'Tuesday',1,21,18,5),(267,'Tuesday',2,21,9,4),(268,'Tuesday',3,21,4,3),(269,'Tuesday',4,21,1,5),(270,'Tuesday',5,21,27,2),(271,'Tuesday',1,22,23,3),(272,'Tuesday',2,22,19,2),(273,'Tuesday',3,22,33,5),(274,'Tuesday',4,22,30,3),(275,'Tuesday',5,22,10,2),(276,'Tuesday',1,23,7,4),(277,'Tuesday',2,23,31,5),(278,'Tuesday',3,23,3,4),(279,'Tuesday',4,23,24,1),(280,'Tuesday',5,23,24,1),(281,'Tuesday',1,24,8,2),(282,'Tuesday',2,24,22,5),(283,'Tuesday',3,24,24,3),(284,'Tuesday',4,24,16,2),(285,'Tuesday',5,24,31,5),(286,'Tuesday',1,25,8,5),(287,'Tuesday',2,25,30,4),(288,'Tuesday',3,25,31,2),(289,'Tuesday',4,25,5,5),(290,'Tuesday',5,25,33,5),(291,'Tuesday',1,26,25,3),(292,'Tuesday',2,26,20,1),(293,'Tuesday',3,26,2,4),(294,'Tuesday',4,26,29,3),(295,'Tuesday',5,26,17,3),(296,'Tuesday',1,27,10,2),(297,'Tuesday',2,27,17,5),(298,'Tuesday',3,27,30,3),(299,'Tuesday',4,27,2,1),(300,'Tuesday',5,27,26,1),(301,'Tuesday',1,28,30,4),(302,'Tuesday',2,28,24,5),(303,'Tuesday',3,28,6,3),(304,'Tuesday',4,28,29,5),(305,'Tuesday',5,28,9,1),(306,'Tuesday',1,29,31,2),(307,'Tuesday',2,29,30,3),(308,'Tuesday',3,29,30,3),(309,'Tuesday',4,29,3,1),(310,'Tuesday',5,29,7,1),(311,'Tuesday',1,30,7,1),(312,'Tuesday',2,30,25,1),(313,'Tuesday',3,30,16,4),(314,'Tuesday',4,30,2,3),(315,'Tuesday',5,30,30,5),(316,'Tuesday',1,31,14,4),(317,'Tuesday',2,31,29,3),(318,'Tuesday',3,31,6,3),(319,'Tuesday',4,31,21,5),(320,'Tuesday',5,31,5,5),(321,'Tuesday',1,32,8,2),(322,'Tuesday',2,32,2,5),(323,'Tuesday',3,32,17,2),(324,'Tuesday',4,32,30,4),(325,'Tuesday',5,32,25,4),(326,'Tuesday',1,33,3,4),(327,'Tuesday',2,33,26,3),(328,'Tuesday',3,33,14,3),(329,'Tuesday',4,33,6,5),(330,'Tuesday',5,33,18,1),(331,'Wednesday',1,1,8,4),(332,'Wednesday',2,1,7,5),(333,'Wednesday',3,1,17,2),(334,'Wednesday',4,1,31,1),(335,'Wednesday',5,1,27,4),(336,'Wednesday',1,2,11,1),(337,'Wednesday',2,2,9,2),(338,'Wednesday',3,2,26,4),(339,'Wednesday',4,2,23,4),(340,'Wednesday',5,2,19,1),(341,'Wednesday',1,3,16,3),(342,'Wednesday',2,3,29,3),(343,'Wednesday',3,3,8,2),(344,'Wednesday',4,3,33,2),(345,'Wednesday',5,3,12,5),(346,'Wednesday',1,4,8,3),(347,'Wednesday',2,4,16,5),(348,'Wednesday',3,4,25,3),(349,'Wednesday',4,4,32,5),(350,'Wednesday',5,4,18,3),(351,'Wednesday',1,5,12,2),(352,'Wednesday',2,5,3,3),(353,'Wednesday',3,5,7,3),(354,'Wednesday',4,5,6,1),(355,'Wednesday',5,5,22,4),(356,'Wednesday',1,6,18,2),(357,'Wednesday',2,6,14,2),(358,'Wednesday',3,6,32,4),(359,'Wednesday',4,6,31,3),(360,'Wednesday',5,6,11,1),(361,'Wednesday',1,7,2,1),(362,'Wednesday',2,7,11,3),(363,'Wednesday',3,7,10,2),(364,'Wednesday',4,7,16,1),(365,'Wednesday',5,7,25,2),(366,'Wednesday',1,8,19,1),(367,'Wednesday',2,8,32,3),(368,'Wednesday',3,8,28,2),(369,'Wednesday',4,8,7,2),(370,'Wednesday',5,8,20,2),(371,'Wednesday',1,9,24,5),(372,'Wednesday',2,9,20,3),(373,'Wednesday',3,9,22,4),(374,'Wednesday',4,9,14,4),(375,'Wednesday',5,9,6,4),(376,'Wednesday',1,10,14,3),(377,'Wednesday',2,10,28,5),(378,'Wednesday',3,10,15,4),(379,'Wednesday',4,10,20,4),(380,'Wednesday',5,10,12,3),(381,'Wednesday',1,11,13,3),(382,'Wednesday',2,11,25,1),(383,'Wednesday',3,11,34,2),(384,'Wednesday',4,11,10,3),(385,'Wednesday',5,11,19,2),(386,'Wednesday',1,12,10,4),(387,'Wednesday',2,12,20,4),(388,'Wednesday',3,12,13,1),(389,'Wednesday',4,12,5,3),(390,'Wednesday',5,12,17,1),(391,'Wednesday',1,13,31,5),(392,'Wednesday',2,13,8,1),(393,'Wednesday',3,13,11,4),(394,'Wednesday',4,13,24,1),(395,'Wednesday',5,13,33,3),(396,'Wednesday',1,14,29,3),(397,'Wednesday',2,14,24,4),(398,'Wednesday',3,14,14,5),(399,'Wednesday',4,14,14,2),(400,'Wednesday',5,14,12,2),(401,'Wednesday',1,15,27,3),(402,'Wednesday',2,15,32,5),(403,'Wednesday',3,15,22,5),(404,'Wednesday',4,15,4,3),(405,'Wednesday',5,15,16,4),(406,'Wednesday',1,16,13,5),(407,'Wednesday',2,16,20,4),(408,'Wednesday',3,16,14,1),(409,'Wednesday',4,16,2,1),(410,'Wednesday',5,16,2,5),(411,'Wednesday',1,17,31,3),(412,'Wednesday',2,17,32,1),(413,'Wednesday',3,17,21,5),(414,'Wednesday',4,17,8,5),(415,'Wednesday',5,17,32,1),(416,'Wednesday',1,18,27,4),(417,'Wednesday',2,18,2,1),(418,'Wednesday',3,18,22,5),(419,'Wednesday',4,18,4,2),(420,'Wednesday',5,18,24,1),(421,'Wednesday',1,19,27,1),(422,'Wednesday',2,19,28,4),(423,'Wednesday',3,19,22,3),(424,'Wednesday',4,19,2,5),(425,'Wednesday',5,19,28,1),(426,'Wednesday',1,20,9,1),(427,'Wednesday',2,20,16,4),(428,'Wednesday',3,20,11,3),(429,'Wednesday',4,20,25,4),(430,'Wednesday',5,20,21,5),(431,'Wednesday',1,21,31,4),(432,'Wednesday',2,21,4,1),(433,'Wednesday',3,21,17,2),(434,'Wednesday',4,21,19,4),(435,'Wednesday',5,21,5,5),(436,'Wednesday',1,22,19,1),(437,'Wednesday',2,22,1,4),(438,'Wednesday',3,22,4,5),(439,'Wednesday',4,22,25,2),(440,'Wednesday',5,22,30,5),(441,'Wednesday',1,23,22,4),(442,'Wednesday',2,23,18,4),(443,'Wednesday',3,23,11,1),(444,'Wednesday',4,23,17,3),(445,'Wednesday',5,23,18,2),(446,'Wednesday',1,24,16,3),(447,'Wednesday',2,24,5,1),(448,'Wednesday',3,24,24,5),(449,'Wednesday',4,24,29,2),(450,'Wednesday',5,24,1,3),(451,'Wednesday',1,25,27,5),(452,'Wednesday',2,25,15,2),(453,'Wednesday',3,25,15,4),(454,'Wednesday',4,25,33,5),(455,'Wednesday',5,25,3,4),(456,'Wednesday',1,26,11,2),(457,'Wednesday',2,26,18,2),(458,'Wednesday',3,26,27,2),(459,'Wednesday',4,26,18,5),(460,'Wednesday',5,26,3,4),(461,'Wednesday',1,27,17,2),(462,'Wednesday',2,27,29,4),(463,'Wednesday',3,27,21,5),(464,'Wednesday',4,27,31,2),(465,'Wednesday',5,27,17,3),(466,'Wednesday',1,28,32,4),(467,'Wednesday',2,28,10,2),(468,'Wednesday',3,28,11,5),(469,'Wednesday',4,28,19,3),(470,'Wednesday',5,28,16,4),(471,'Wednesday',1,29,2,4),(472,'Wednesday',2,29,18,3),(473,'Wednesday',3,29,11,1),(474,'Wednesday',4,29,10,2),(475,'Wednesday',5,29,7,1),(476,'Wednesday',1,30,8,5),(477,'Wednesday',2,30,27,1),(478,'Wednesday',3,30,25,1),(479,'Wednesday',4,30,7,2),(480,'Wednesday',5,30,20,2),(481,'Wednesday',1,31,13,1),(482,'Wednesday',2,31,2,5),(483,'Wednesday',3,31,27,4),(484,'Wednesday',4,31,17,2),(485,'Wednesday',5,31,32,3),(486,'Wednesday',1,32,27,1),(487,'Wednesday',2,32,15,5),(488,'Wednesday',3,32,17,1),(489,'Wednesday',4,32,18,3),(490,'Wednesday',5,32,25,4),(491,'Wednesday',1,33,17,1),(492,'Wednesday',2,33,9,4),(493,'Wednesday',3,33,10,3),(494,'Wednesday',4,33,9,1),(495,'Wednesday',5,33,7,1),(496,'Thursday',1,1,26,2),(497,'Thursday',2,1,32,1),(498,'Thursday',3,1,9,3),(499,'Thursday',4,1,14,2),(500,'Thursday',5,1,18,1),(501,'Thursday',1,2,5,2),(502,'Thursday',2,2,32,2),(503,'Thursday',3,2,5,2),(504,'Thursday',4,2,30,1),(505,'Thursday',5,2,17,5),(506,'Thursday',1,3,23,3),(507,'Thursday',2,3,10,2),(508,'Thursday',3,3,20,4),(509,'Thursday',4,3,33,2),(510,'Thursday',5,3,18,3),(511,'Thursday',1,4,23,2),(512,'Thursday',2,4,32,1),(513,'Thursday',3,4,31,3),(514,'Thursday',4,4,10,1),(515,'Thursday',5,4,31,4),(516,'Thursday',1,5,1,5),(517,'Thursday',2,5,3,5),(518,'Thursday',3,5,30,5),(519,'Thursday',4,5,27,1),(520,'Thursday',5,5,7,5),(521,'Thursday',1,6,6,3),(522,'Thursday',2,6,32,4),(523,'Thursday',3,6,12,5),(524,'Thursday',4,6,22,4),(525,'Thursday',5,6,33,1),(526,'Thursday',1,7,5,2),(527,'Thursday',2,7,27,4),(528,'Thursday',3,7,31,3),(529,'Thursday',4,7,8,2),(530,'Thursday',5,7,23,2),(531,'Thursday',1,8,2,2),(532,'Thursday',2,8,16,3),(533,'Thursday',3,8,8,2),(534,'Thursday',4,8,22,2),(535,'Thursday',5,8,5,1),(536,'Thursday',1,9,25,2),(537,'Thursday',2,9,10,2),(538,'Thursday',3,9,33,5),(539,'Thursday',4,9,32,1),(540,'Thursday',5,9,34,4),(541,'Thursday',1,10,5,5),(542,'Thursday',2,10,26,5),(543,'Thursday',3,10,32,1),(544,'Thursday',4,10,23,2),(545,'Thursday',5,10,30,5),(546,'Thursday',1,11,6,1),(547,'Thursday',2,11,22,4),(548,'Thursday',3,11,24,2),(549,'Thursday',4,11,17,3),(550,'Thursday',5,11,26,5),(551,'Thursday',1,12,7,2),(552,'Thursday',2,12,19,5),(553,'Thursday',3,12,11,5),(554,'Thursday',4,12,1,5),(555,'Thursday',5,12,16,4),(556,'Thursday',1,13,33,1),(557,'Thursday',2,13,7,2),(558,'Thursday',3,13,20,1),(559,'Thursday',4,13,3,4),(560,'Thursday',5,13,25,3),(561,'Thursday',1,14,2,2),(562,'Thursday',2,14,29,3),(563,'Thursday',3,14,2,4),(564,'Thursday',4,14,21,5),(565,'Thursday',5,14,12,2),(566,'Thursday',1,15,11,3),(567,'Thursday',2,15,21,2),(568,'Thursday',3,15,29,5),(569,'Thursday',4,15,23,5),(570,'Thursday',5,15,11,3),(571,'Thursday',1,16,4,4),(572,'Thursday',2,16,28,1),(573,'Thursday',3,16,19,2),(574,'Thursday',4,16,23,4),(575,'Thursday',5,16,2,5),(576,'Thursday',1,17,4,4),(577,'Thursday',2,17,4,5),(578,'Thursday',3,17,34,2),(579,'Thursday',4,17,17,2),(580,'Thursday',5,17,7,1),(581,'Thursday',1,18,6,5),(582,'Thursday',2,18,1,2),(583,'Thursday',3,18,28,4),(584,'Thursday',4,18,19,5),(585,'Thursday',5,18,24,2),(586,'Thursday',1,19,2,3),(587,'Thursday',2,19,19,5),(588,'Thursday',3,19,9,4),(589,'Thursday',4,19,33,4),(590,'Thursday',5,19,5,1),(591,'Thursday',1,20,33,1),(592,'Thursday',2,20,19,4),(593,'Thursday',3,20,14,2),(594,'Thursday',4,20,27,3),(595,'Thursday',5,20,33,4),(596,'Thursday',1,21,2,2),(597,'Thursday',2,21,6,3),(598,'Thursday',3,21,17,2),(599,'Thursday',4,21,31,3),(600,'Thursday',5,21,12,2),(601,'Thursday',1,22,12,1),(602,'Thursday',2,22,22,3),(603,'Thursday',3,22,23,1),(604,'Thursday',4,22,19,2),(605,'Thursday',5,22,22,1),(606,'Thursday',1,23,27,4),(607,'Thursday',2,23,24,5),(608,'Thursday',3,23,29,5),(609,'Thursday',4,23,29,3),(610,'Thursday',5,23,29,5),(611,'Thursday',1,24,15,5),(612,'Thursday',2,24,4,2),(613,'Thursday',3,24,6,1),(614,'Thursday',4,24,17,1),(615,'Thursday',5,24,19,5),(616,'Thursday',1,25,22,4),(617,'Thursday',2,25,21,1),(618,'Thursday',3,25,30,3),(619,'Thursday',4,25,8,5),(620,'Thursday',5,25,7,5),(621,'Thursday',1,26,24,3),(622,'Thursday',2,26,5,3),(623,'Thursday',3,26,9,5),(624,'Thursday',4,26,3,5),(625,'Thursday',5,26,25,1),(626,'Thursday',1,27,4,4),(627,'Thursday',2,27,30,3),(628,'Thursday',3,27,18,2),(629,'Thursday',4,27,26,1),(630,'Thursday',5,27,6,1),(631,'Thursday',1,28,12,4),(632,'Thursday',2,28,8,4),(633,'Thursday',3,28,29,4),(634,'Thursday',4,28,8,3),(635,'Thursday',5,28,31,2),(636,'Thursday',1,29,4,5),(637,'Thursday',2,29,5,5),(638,'Thursday',3,29,18,5),(639,'Thursday',4,29,9,3),(640,'Thursday',5,29,15,3),(641,'Thursday',1,30,17,1),(642,'Thursday',2,30,24,3),(643,'Thursday',3,30,30,2),(644,'Thursday',4,30,24,4),(645,'Thursday',5,30,12,3),(646,'Thursday',1,31,7,4),(647,'Thursday',2,31,34,2),(648,'Thursday',3,31,7,1),(649,'Thursday',4,31,6,1),(650,'Thursday',5,31,14,1),(651,'Thursday',1,32,28,4),(652,'Thursday',2,32,27,1),(653,'Thursday',3,32,6,5),(654,'Thursday',4,32,5,5),(655,'Thursday',5,32,18,5),(656,'Thursday',1,33,28,4),(657,'Thursday',2,33,1,4),(658,'Thursday',3,33,7,4),(659,'Thursday',4,33,25,4),(660,'Thursday',5,33,1,5),(661,'Friday',1,1,24,1),(662,'Friday',2,1,14,1),(663,'Friday',3,1,13,1),(664,'Friday',4,1,3,1),(665,'Friday',5,1,4,1),(666,'Friday',1,2,8,3),(667,'Friday',2,2,27,1),(668,'Friday',3,2,20,2),(669,'Friday',4,2,32,1),(670,'Friday',5,2,30,3),(671,'Friday',1,3,21,4),(672,'Friday',2,3,23,5),(673,'Friday',3,3,31,5),(674,'Friday',4,3,21,3),(675,'Friday',5,3,13,3),(676,'Friday',1,4,28,1),(677,'Friday',2,4,8,1),(678,'Friday',3,4,29,3),(679,'Friday',4,4,19,2),(680,'Friday',5,4,33,3),(681,'Friday',1,5,32,3),(682,'Friday',2,5,31,3),(683,'Friday',3,5,30,2),(684,'Friday',4,5,22,4),(685,'Friday',5,5,32,2),(686,'Friday',1,6,5,4),(687,'Friday',2,6,6,2),(688,'Friday',3,6,22,4),(689,'Friday',4,6,6,5),(690,'Friday',5,6,25,2),(691,'Friday',1,7,20,5),(692,'Friday',2,7,6,5),(693,'Friday',3,7,30,1),(694,'Friday',4,7,8,5),(695,'Friday',5,7,27,1),(696,'Friday',1,8,14,3),(697,'Friday',2,8,27,4),(698,'Friday',3,8,29,1),(699,'Friday',4,8,22,5),(700,'Friday',5,8,3,1),(701,'Friday',1,9,25,3),(702,'Friday',2,9,29,2),(703,'Friday',3,9,9,1),(704,'Friday',4,9,17,1),(705,'Friday',5,9,33,4),(706,'Friday',1,10,11,3),(707,'Friday',2,10,15,2),(708,'Friday',3,10,34,5),(709,'Friday',4,10,4,1),(710,'Friday',5,10,27,2),(711,'Friday',1,11,12,4),(712,'Friday',2,11,5,2),(713,'Friday',3,11,19,2),(714,'Friday',4,11,33,5),(715,'Friday',5,11,13,5),(716,'Friday',1,12,11,3),(717,'Friday',2,12,25,3),(718,'Friday',3,12,4,2),(719,'Friday',4,12,8,5),(720,'Friday',5,12,7,1),(721,'Friday',1,13,14,1),(722,'Friday',2,13,9,3),(723,'Friday',3,13,13,4),(724,'Friday',4,13,22,1),(725,'Friday',5,13,28,5),(726,'Friday',1,14,15,2),(727,'Friday',2,14,10,5),(728,'Friday',3,14,29,5),(729,'Friday',4,14,31,3),(730,'Friday',5,14,2,4),(731,'Friday',1,15,23,4),(732,'Friday',2,15,12,2),(733,'Friday',3,15,32,1),(734,'Friday',4,15,30,4),(735,'Friday',5,15,1,2),(736,'Friday',1,16,18,3),(737,'Friday',2,16,30,5),(738,'Friday',3,16,25,4),(739,'Friday',4,16,8,5),(740,'Friday',5,16,13,3),(741,'Friday',1,17,30,2),(742,'Friday',2,17,22,2),(743,'Friday',3,17,29,1),(744,'Friday',4,17,25,3),(745,'Friday',5,17,11,4),(746,'Friday',1,18,21,5),(747,'Friday',2,18,25,1),(748,'Friday',3,18,32,5),(749,'Friday',4,18,25,1),(750,'Friday',5,18,33,4),(751,'Friday',1,19,7,4),(752,'Friday',2,19,23,5),(753,'Friday',3,19,30,2),(754,'Friday',4,19,31,4),(755,'Friday',5,19,23,1),(756,'Friday',1,20,32,2),(757,'Friday',2,20,24,5),(758,'Friday',3,20,2,4),(759,'Friday',4,20,15,5),(760,'Friday',5,20,12,3),(761,'Friday',1,21,34,3),(762,'Friday',2,21,15,4),(763,'Friday',3,21,23,3),(764,'Friday',4,21,32,4),(765,'Friday',5,21,8,5),(766,'Friday',1,22,33,3),(767,'Friday',2,22,17,2),(768,'Friday',3,22,3,2),(769,'Friday',4,22,24,4),(770,'Friday',5,22,13,1),(771,'Friday',1,23,5,4),(772,'Friday',2,23,4,3),(773,'Friday',3,23,30,4),(774,'Friday',4,23,30,5),(775,'Friday',5,23,2,5),(776,'Friday',1,24,14,4),(777,'Friday',2,24,15,5),(778,'Friday',3,24,34,4),(779,'Friday',4,24,31,4),(780,'Friday',5,24,30,1),(781,'Friday',1,25,25,4),(782,'Friday',2,25,22,5),(783,'Friday',3,25,13,5),(784,'Friday',4,25,5,2),(785,'Friday',5,25,13,3),(786,'Friday',1,26,12,4),(787,'Friday',2,26,31,2),(788,'Friday',3,26,30,1),(789,'Friday',4,26,27,1),(790,'Friday',5,26,34,3),(791,'Friday',1,27,3,4),(792,'Friday',2,27,16,5),(793,'Friday',3,27,31,5),(794,'Friday',4,27,25,5),(795,'Friday',5,27,10,5),(796,'Friday',1,28,17,5),(797,'Friday',2,28,20,5),(798,'Friday',3,28,34,4),(799,'Friday',4,28,27,1),(800,'Friday',5,28,25,3),(801,'Friday',1,29,20,3),(802,'Friday',2,29,14,1),(803,'Friday',3,29,31,1),(804,'Friday',4,29,10,5),(805,'Friday',5,29,15,1),(806,'Friday',1,30,31,3),(807,'Friday',2,30,22,1),(808,'Friday',3,30,21,1),(809,'Friday',4,30,2,4),(810,'Friday',5,30,2,1),(811,'Friday',1,31,16,3),(812,'Friday',2,31,28,5),(813,'Friday',3,31,22,1),(814,'Friday',4,31,2,5),(815,'Friday',5,31,25,2),(816,'Friday',1,32,26,3),(817,'Friday',2,32,32,4),(818,'Friday',3,32,15,5),(819,'Friday',4,32,11,5),(820,'Friday',5,32,19,3),(821,'Friday',1,33,20,2),(822,'Friday',2,33,6,2),(823,'Friday',3,33,19,5),(824,'Friday',4,33,23,2),(825,'Friday',5,33,2,3),(826,'Saturday',1,1,5,3),(827,'Saturday',2,1,27,1),(828,'Saturday',3,1,17,5),(829,'Saturday',4,1,8,2),(830,'Saturday',5,1,34,1),(831,'Saturday',1,2,33,5),(832,'Saturday',2,2,14,5),(833,'Saturday',3,2,30,1),(834,'Saturday',4,2,27,2),(835,'Saturday',5,2,3,1),(836,'Saturday',1,3,18,5),(837,'Saturday',2,3,25,5),(838,'Saturday',3,3,27,3),(839,'Saturday',4,3,3,2),(840,'Saturday',5,3,9,1),(841,'Saturday',1,4,11,4),(842,'Saturday',2,4,27,2),(843,'Saturday',3,4,20,3),(844,'Saturday',4,4,25,3),(845,'Saturday',5,4,9,5),(846,'Saturday',1,5,2,4),(847,'Saturday',2,5,18,2),(848,'Saturday',3,5,33,5),(849,'Saturday',4,5,12,2),(850,'Saturday',5,5,6,4),(851,'Saturday',1,6,18,2),(852,'Saturday',2,6,6,1),(853,'Saturday',3,6,27,3),(854,'Saturday',4,6,10,5),(855,'Saturday',5,6,32,4),(856,'Saturday',1,7,21,2),(857,'Saturday',2,7,12,5),(858,'Saturday',3,7,24,3),(859,'Saturday',4,7,17,3),(860,'Saturday',5,7,10,1),(861,'Saturday',1,8,13,3),(862,'Saturday',2,8,13,5),(863,'Saturday',3,8,15,4),(864,'Saturday',4,8,19,2),(865,'Saturday',5,8,24,5),(866,'Saturday',1,9,23,4),(867,'Saturday',2,9,18,2),(868,'Saturday',3,9,8,4),(869,'Saturday',4,9,31,2),(870,'Saturday',5,9,4,2),(871,'Saturday',1,10,22,3),(872,'Saturday',2,10,31,1),(873,'Saturday',3,10,33,3),(874,'Saturday',4,10,27,5),(875,'Saturday',5,10,10,4),(876,'Saturday',1,11,22,2),(877,'Saturday',2,11,15,3),(878,'Saturday',3,11,32,1),(879,'Saturday',4,11,16,3),(880,'Saturday',5,11,27,5),(881,'Saturday',1,12,25,2),(882,'Saturday',2,12,28,1),(883,'Saturday',3,12,9,3),(884,'Saturday',4,12,6,3),(885,'Saturday',5,12,27,4),(886,'Saturday',1,13,25,4),(887,'Saturday',2,13,8,3),(888,'Saturday',3,13,9,4),(889,'Saturday',4,13,34,4),(890,'Saturday',5,13,17,3),(891,'Saturday',1,14,22,1),(892,'Saturday',2,14,34,5),(893,'Saturday',3,14,6,2),(894,'Saturday',4,14,7,2),(895,'Saturday',5,14,2,5),(896,'Saturday',1,15,17,5),(897,'Saturday',2,15,16,3),(898,'Saturday',3,15,13,3),(899,'Saturday',4,15,14,5),(900,'Saturday',5,15,25,3),(901,'Saturday',1,16,7,5),(902,'Saturday',2,16,34,3),(903,'Saturday',3,16,10,1),(904,'Saturday',4,16,31,5),(905,'Saturday',5,16,6,3),(906,'Saturday',1,17,26,5),(907,'Saturday',2,17,19,3),(908,'Saturday',3,17,17,4),(909,'Saturday',4,17,22,3),(910,'Saturday',5,17,3,1),(911,'Saturday',1,18,6,4),(912,'Saturday',2,18,5,5),(913,'Saturday',3,18,14,5),(914,'Saturday',4,18,34,1),(915,'Saturday',5,18,23,5),(916,'Saturday',1,19,28,2),(917,'Saturday',2,19,27,3),(918,'Saturday',3,19,6,4),(919,'Saturday',4,19,30,1),(920,'Saturday',5,19,30,4),(921,'Saturday',1,20,15,4),(922,'Saturday',2,20,30,5),(923,'Saturday',3,20,15,4),(924,'Saturday',4,20,29,1),(925,'Saturday',5,20,4,3),(926,'Saturday',1,21,32,3),(927,'Saturday',2,21,25,3),(928,'Saturday',3,21,6,4),(929,'Saturday',4,21,8,1),(930,'Saturday',5,21,33,4),(931,'Saturday',1,22,14,5),(932,'Saturday',2,22,32,5),(933,'Saturday',3,22,2,1),(934,'Saturday',4,22,32,4),(935,'Saturday',5,22,17,4),(936,'Saturday',1,23,4,5),(937,'Saturday',2,23,11,3),(938,'Saturday',3,23,22,5),(939,'Saturday',4,23,19,1),(940,'Saturday',5,23,29,3),(941,'Saturday',1,24,33,5),(942,'Saturday',2,24,27,3),(943,'Saturday',3,24,19,5),(944,'Saturday',4,24,11,2),(945,'Saturday',5,24,12,1),(946,'Saturday',1,25,27,2),(947,'Saturday',2,25,18,5),(948,'Saturday',3,25,16,3),(949,'Saturday',4,25,6,3),(950,'Saturday',5,25,15,1),(951,'Saturday',1,26,23,1),(952,'Saturday',2,26,30,5),(953,'Saturday',3,26,12,5),(954,'Saturday',4,26,16,1),(955,'Saturday',5,26,29,4),(956,'Saturday',1,27,24,3),(957,'Saturday',2,27,1,4),(958,'Saturday',3,27,20,4),(959,'Saturday',4,27,4,2),(960,'Saturday',5,27,32,5),(961,'Saturday',1,28,11,4),(962,'Saturday',2,28,18,1),(963,'Saturday',3,28,25,4),(964,'Saturday',4,28,2,5),(965,'Saturday',5,28,16,4),(966,'Saturday',1,29,27,2),(967,'Saturday',2,29,22,3),(968,'Saturday',3,29,9,4),(969,'Saturday',4,29,31,2),(970,'Saturday',5,29,22,5),(971,'Saturday',1,30,11,1),(972,'Saturday',2,30,5,3),(973,'Saturday',3,30,9,4),(974,'Saturday',4,30,4,4),(975,'Saturday',5,30,20,3),(976,'Saturday',1,31,19,3),(977,'Saturday',2,31,23,1),(978,'Saturday',3,31,24,5),(979,'Saturday',4,31,17,4),(980,'Saturday',5,31,11,4),(981,'Saturday',1,32,2,3),(982,'Saturday',2,32,25,3),(983,'Saturday',3,32,5,3),(984,'Saturday',4,32,22,3),(985,'Saturday',5,32,31,3),(986,'Saturday',1,33,32,3),(987,'Saturday',2,33,33,5),(988,'Saturday',3,33,15,5),(989,'Saturday',4,33,8,3),(990,'Saturday',5,33,24,5),(991,'Sunday',1,1,12,2),(992,'Sunday',2,1,34,3),(993,'Sunday',3,1,31,4),(994,'Sunday',4,1,33,4),(995,'Sunday',5,1,3,2),(996,'Sunday',1,2,9,4),(997,'Sunday',2,2,17,1),(998,'Sunday',3,2,21,5),(999,'Sunday',4,2,24,2),(1000,'Sunday',5,2,34,5),(1001,'Sunday',1,3,29,1),(1002,'Sunday',2,3,24,4),(1003,'Sunday',3,3,11,1),(1004,'Sunday',4,3,31,1),(1005,'Sunday',5,3,20,3),(1006,'Sunday',1,4,26,1),(1007,'Sunday',2,4,2,4),(1008,'Sunday',3,4,26,3),(1009,'Sunday',4,4,6,2),(1010,'Sunday',5,4,33,3),(1011,'Sunday',1,5,7,1),(1012,'Sunday',2,5,22,1),(1013,'Sunday',3,5,28,3),(1014,'Sunday',4,5,17,3),(1015,'Sunday',5,5,15,3),(1016,'Sunday',1,6,3,2),(1017,'Sunday',2,6,5,2),(1018,'Sunday',3,6,10,1),(1019,'Sunday',4,6,16,3),(1020,'Sunday',5,6,13,5),(1021,'Sunday',1,7,8,5),(1022,'Sunday',2,7,12,1),(1023,'Sunday',3,7,14,5),(1024,'Sunday',4,7,14,1),(1025,'Sunday',5,7,6,4),(1026,'Sunday',1,8,13,5),(1027,'Sunday',2,8,19,3),(1028,'Sunday',3,8,34,1),(1029,'Sunday',4,8,11,5),(1030,'Sunday',5,8,23,5),(1031,'Sunday',1,9,11,1),(1032,'Sunday',2,9,28,1),(1033,'Sunday',3,9,8,1),(1034,'Sunday',4,9,25,2),(1035,'Sunday',5,9,5,4),(1036,'Sunday',1,10,34,1),(1037,'Sunday',2,10,25,2),(1038,'Sunday',3,10,17,4),(1039,'Sunday',4,10,1,2),(1040,'Sunday',5,10,32,4),(1041,'Sunday',1,11,25,4),(1042,'Sunday',2,11,33,4),(1043,'Sunday',3,11,7,1),(1044,'Sunday',4,11,15,3),(1045,'Sunday',5,11,29,5),(1046,'Sunday',1,12,23,4),(1047,'Sunday',2,12,2,3),(1048,'Sunday',3,12,28,2),(1049,'Sunday',4,12,23,3),(1050,'Sunday',5,12,31,3),(1051,'Sunday',1,13,28,3),(1052,'Sunday',2,13,25,5),(1053,'Sunday',3,13,9,3),(1054,'Sunday',4,13,21,2),(1055,'Sunday',5,13,21,1),(1056,'Sunday',1,14,26,3),(1057,'Sunday',2,14,19,4),(1058,'Sunday',3,14,23,4),(1059,'Sunday',4,14,28,5),(1060,'Sunday',5,14,20,4),(1061,'Sunday',1,15,17,2),(1062,'Sunday',2,15,22,2),(1063,'Sunday',3,15,4,4),(1064,'Sunday',4,15,22,1),(1065,'Sunday',5,15,28,1),(1066,'Sunday',1,16,5,4),(1067,'Sunday',2,16,1,4),(1068,'Sunday',3,16,15,5),(1069,'Sunday',4,16,15,4),(1070,'Sunday',5,16,13,4),(1071,'Sunday',1,17,20,5),(1072,'Sunday',2,17,2,1),(1073,'Sunday',3,17,20,3),(1074,'Sunday',4,17,5,3),(1075,'Sunday',5,17,25,2),(1076,'Sunday',1,18,7,2),(1077,'Sunday',2,18,24,5),(1078,'Sunday',3,18,14,1),(1079,'Sunday',4,18,17,1),(1080,'Sunday',5,18,21,4),(1081,'Sunday',1,19,4,4),(1082,'Sunday',2,19,32,4),(1083,'Sunday',3,19,20,4),(1084,'Sunday',4,19,19,2),(1085,'Sunday',5,19,34,4),(1086,'Sunday',1,20,34,3),(1087,'Sunday',2,20,11,4),(1088,'Sunday',3,20,17,5),(1089,'Sunday',4,20,9,5),(1090,'Sunday',5,20,21,4),(1091,'Sunday',1,21,11,4),(1092,'Sunday',2,21,3,1),(1093,'Sunday',3,21,32,1),(1094,'Sunday',4,21,27,4),(1095,'Sunday',5,21,28,5),(1096,'Sunday',1,22,34,1),(1097,'Sunday',2,22,12,1),(1098,'Sunday',3,22,23,1),(1099,'Sunday',4,22,5,2),(1100,'Sunday',5,22,21,5),(1101,'Sunday',1,23,29,1),(1102,'Sunday',2,23,11,1),(1103,'Sunday',3,23,28,5),(1104,'Sunday',4,23,26,2),(1105,'Sunday',5,23,29,4),(1106,'Sunday',1,24,23,2),(1107,'Sunday',2,24,26,1),(1108,'Sunday',3,24,7,3),(1109,'Sunday',4,24,2,1),(1110,'Sunday',5,24,1,2),(1111,'Sunday',1,25,27,4),(1112,'Sunday',2,25,19,5),(1113,'Sunday',3,25,34,4),(1114,'Sunday',4,25,10,3),(1115,'Sunday',5,25,31,5),(1116,'Sunday',1,26,16,4),(1117,'Sunday',2,26,11,5),(1118,'Sunday',3,26,9,2),(1119,'Sunday',4,26,19,5),(1120,'Sunday',5,26,15,2),(1121,'Sunday',1,27,5,3),(1122,'Sunday',2,27,10,4),(1123,'Sunday',3,27,13,5),(1124,'Sunday',4,27,25,3),(1125,'Sunday',5,27,23,5),(1126,'Sunday',1,28,13,4),(1127,'Sunday',2,28,34,4),(1128,'Sunday',3,28,5,4),(1129,'Sunday',4,28,17,2),(1130,'Sunday',5,28,17,1),(1131,'Sunday',1,29,10,3),(1132,'Sunday',2,29,11,5),(1133,'Sunday',3,29,26,2),(1134,'Sunday',4,29,10,4),(1135,'Sunday',5,29,23,1),(1136,'Sunday',1,30,4,3),(1137,'Sunday',2,30,29,2),(1138,'Sunday',3,30,14,1),(1139,'Sunday',4,30,7,3),(1140,'Sunday',5,30,18,2),(1141,'Sunday',1,31,19,3),(1142,'Sunday',2,31,11,1),(1143,'Sunday',3,31,24,5),(1144,'Sunday',4,31,3,4),(1145,'Sunday',5,31,4,3),(1146,'Sunday',1,32,6,5),(1147,'Sunday',2,32,26,1),(1148,'Sunday',3,32,33,5),(1149,'Sunday',4,32,26,4),(1150,'Sunday',5,32,13,4),(1151,'Sunday',1,33,22,4),(1152,'Sunday',2,33,18,4),(1153,'Sunday',3,33,28,5),(1154,'Sunday',4,33,11,2),(1155,'Sunday',5,33,24,3);
/*!40000 ALTER TABLE `Schedule` ENABLE KEYS */;
UNLOCK TABLES;

--
-- Table structure for table `ScheduleTimes`
--

DROP TABLE IF EXISTS `ScheduleTimes`;
/*!40101 SET @saved_cs_client     = @@character_set_client */;
/*!40101 SET character_set_client = utf8 */;
CREATE TABLE `ScheduleTimes` (
  `id` int(11) NOT NULL AUTO_INCREMENT,
  `durationMin` int(11) NOT NULL,
  `lessonNum` int(11) NOT NULL,
  `sdt` datetime DEFAULT NULL,
  PRIMARY KEY (`id`)
) ENGINE=InnoDB AUTO_INCREMENT=11 DEFAULT CHARSET=utf8;
/*!40101 SET character_set_client = @saved_cs_client */;

--
-- Dumping data for table `ScheduleTimes`
--

LOCK TABLES `ScheduleTimes` WRITE;
/*!40000 ALTER TABLE `ScheduleTimes` DISABLE KEYS */;
INSERT INTO `ScheduleTimes` VALUES (1,45,1,'0002-12-31 09:00:00'),(2,45,2,'0002-12-31 10:00:00'),(3,45,3,'0002-12-31 11:00:00'),(4,45,4,'0002-12-31 12:00:00'),(5,45,5,'0002-12-31 13:00:00'),(6,45,6,'0002-12-31 14:00:00'),(7,45,7,'0002-12-31 15:00:00'),(8,45,8,'0002-12-31 16:00:00'),(9,45,9,'0002-12-31 17:00:00'),(10,45,10,'0002-12-31 18:00:00');
/*!40000 ALTER TABLE `ScheduleTimes` ENABLE KEYS */;
UNLOCK TABLES;

--
-- Table structure for table `Student`
--

DROP TABLE IF EXISTS `Student`;
/*!40101 SET @saved_cs_client     = @@character_set_client */;
/*!40101 SET character_set_client = utf8 */;
CREATE TABLE `Student` (
  `id` int(11) NOT NULL AUTO_INCREMENT,
  `birthday` datetime DEFAULT NULL,
  `email` varchar(255) DEFAULT NULL,
  `name` varchar(255) DEFAULT NULL,
  `phone` bigint(20) NOT NULL,
  `surname` varchar(255) DEFAULT NULL,
  `photo_id` bigint(20) DEFAULT NULL,
  `group_id` int(11) DEFAULT NULL,
  `main_user_id` int(11) DEFAULT NULL,
  PRIMARY KEY (`id`),
  KEY `FK_l1k8fet6q0m8dyl67bqss8bc7` (`photo_id`),
  KEY `FK_feil8de393nqiudvk9p047gng` (`group_id`),
  KEY `FK_8f9ijrt44qo9blstas15km9ru` (`main_user_id`),
  CONSTRAINT `FK_8f9ijrt44qo9blstas15km9ru` FOREIGN KEY (`main_user_id`) REFERENCES `CustomUser` (`id`),
  CONSTRAINT `FK_feil8de393nqiudvk9p047gng` FOREIGN KEY (`group_id`) REFERENCES `StudentsGroup` (`id`),
  CONSTRAINT `FK_l1k8fet6q0m8dyl67bqss8bc7` FOREIGN KEY (`photo_id`) REFERENCES `Photos` (`id`)
) ENGINE=InnoDB AUTO_INCREMENT=22 DEFAULT CHARSET=utf8;
/*!40101 SET character_set_client = @saved_cs_client */;

--
-- Dumping data for table `Student`
--

LOCK TABLES `Student` WRITE;
/*!40000 ALTER TABLE `Student` DISABLE KEYS */;
INSERT INTO `Student` VALUES (1,'2004-01-03 00:00:00','DLikhachjov@yahooo.com','Диана',673836860,'Лихачёв',1,16,1),(2,'1999-05-15 00:00:00','ANazarov@yandex.ru','Анастасия',671407382,'Назаров',1,3,2),(3,'1998-02-17 00:00:00','IGordeev@rambler.ru','Игорь',675260381,'Гордеев',1,13,3),(4,'1998-11-07 00:00:00','SNekrasov@rambler.ru','Сергей',670274172,'Некрасов',1,16,4),(5,'1998-10-18 00:00:00','SEgorov@gmail.com','Светлана',673215415,'Егоров',1,15,5),(6,'2006-03-10 00:00:00','VFadeev@yandex.ru','Вячеслав',679559162,'Фадеев',1,9,6),(7,'2002-07-06 00:00:00','GUstinov@yandex.ru','Галина',673111970,'Устинов',1,2,7),(8,'2006-04-21 00:00:00','DTrofimov@mail.ru','Дмитрий',670624696,'Трофимов',1,16,8),(9,'1999-02-08 00:00:00','KBirjukov@i.ua','Кристина',676286624,'Бирюков',1,19,9),(10,'2007-05-17 00:00:00','LZimin@mail.ru','Лариса',677760170,'Зимин',1,22,10),(11,'2007-03-11 00:00:00','MArkhipov@yandex.ru','Максим',676245477,'Архипов',1,21,11),(12,'2005-02-25 00:00:00','MZinovjhev@i.ua','Михаил',677956797,'Зиновьев',1,26,12),(13,'2005-04-17 00:00:00','IVinogradov@mail.ru','Илья',673347655,'Виноградов',1,19,13),(14,'2004-09-05 00:00:00','SNikiforov@gmail.com','София',673439308,'Никифоров',1,19,14),(15,'1998-02-02 00:00:00','GStrelkov@yandex.ru','Геннадий',679687177,'Стрелков',1,20,15),(16,'2007-07-16 00:00:00','IPakhomov@gmail.com','Иван',674962429,'Пахомов',1,3,16),(17,'2004-06-25 00:00:00','VTretjhjakov@ukr.net','Виктор',678431003,'Третьяков',1,8,17),(18,'1998-02-15 00:00:00','VMuravjhjov@yandex.ru','Владимир',676379956,'Муравьёв',1,29,18),(19,'2002-01-17 00:00:00','NMatveev@mail.ru','Нина',674371065,'Матвеев',1,13,19),(20,'2001-01-27 00:00:00','PKolobov@yandex.ru','Павел',673494203,'Колобов',1,25,20),(21,'2005-11-23 00:00:00','student@i.ua','Павел',672739201,'Еременко',1,5,27);
/*!40000 ALTER TABLE `Student` ENABLE KEYS */;
UNLOCK TABLES;

--
-- Table structure for table `StudentsGroup`
--

DROP TABLE IF EXISTS `StudentsGroup`;
/*!40101 SET @saved_cs_client     = @@character_set_client */;
/*!40101 SET character_set_client = utf8 */;
CREATE TABLE `StudentsGroup` (
  `id` int(11) NOT NULL AUTO_INCREMENT,
  `name` varchar(255) DEFAULT NULL,
  PRIMARY KEY (`id`)
) ENGINE=InnoDB AUTO_INCREMENT=35 DEFAULT CHARSET=utf8;
/*!40101 SET character_set_client = @saved_cs_client */;

--
-- Dumping data for table `StudentsGroup`
--

LOCK TABLES `StudentsGroup` WRITE;
/*!40000 ALTER TABLE `StudentsGroup` DISABLE KEYS */;
INSERT INTO `StudentsGroup` VALUES (1,'1-А'),(2,'1-Б'),(3,'1-В'),(4,'2-А'),(5,'2-Б'),(6,'2-В'),(7,'3-А'),(8,'3-Б'),(9,'3-В'),(10,'4-А'),(11,'4-Б'),(12,'4-В'),(13,'5-А'),(14,'5-Б'),(15,'5-В'),(16,'6-А'),(17,'6-Б'),(18,'6-В'),(19,'7-А'),(20,'7-Б'),(21,'7-В'),(22,'8-А'),(23,'8-Б'),(24,'8-В'),(25,'9-А'),(26,'9-Б'),(27,'9-В'),(28,'10-А'),(29,'10-Б'),(30,'10-В'),(31,'11-А'),(32,'11-Б'),(33,'11-В'),(34,'aswfrwe');
/*!40000 ALTER TABLE `StudentsGroup` ENABLE KEYS */;
UNLOCK TABLES;

--
-- Table structure for table `Subject`
--

DROP TABLE IF EXISTS `Subject`;
/*!40101 SET @saved_cs_client     = @@character_set_client */;
/*!40101 SET character_set_client = utf8 */;
CREATE TABLE `Subject` (
  `id` int(11) NOT NULL AUTO_INCREMENT,
  `name` varchar(255) DEFAULT NULL,
  PRIMARY KEY (`id`)
) ENGINE=InnoDB AUTO_INCREMENT=35 DEFAULT CHARSET=utf8;
/*!40101 SET character_set_client = @saved_cs_client */;

--
-- Dumping data for table `Subject`
--

LOCK TABLES `Subject` WRITE;
/*!40000 ALTER TABLE `Subject` DISABLE KEYS */;
INSERT INTO `Subject` VALUES (1,'Чистописание'),(2,'Чтение'),(3,'Труд'),(4,'Природоведение'),(5,'Математика'),(6,'Музыка'),(7,'Изобразительное искусство'),(8,'Русский язык'),(9,'Физкультура'),(10,'Родной (национальный) язык'),(11,'Основы религиозных культур и светской этики'),(12,'Иностранный язык'),(13,'Граждановедение'),(14,'Краеведение'),(15,'История'),(16,'Литература'),(17,'Основы безопасности жизнедеятельности (ОБЖ)'),(18,'Технология'),(19,'География'),(20,'Биология'),(21,'Информатика'),(22,'Обществознание'),(23,'Черчение'),(24,'Алгебра'),(25,'Геометрия'),(26,'Физика'),(27,'Химия'),(28,'Естествознание'),(29,'Основы экономики'),(30,'Правоведение'),(31,'Философия'),(32,'Экология'),(33,'Астрономия'),(34,'Начальная военная подготовка (НВП)');
/*!40000 ALTER TABLE `Subject` ENABLE KEYS */;
UNLOCK TABLES;

--
-- Table structure for table `Teacher`
--

DROP TABLE IF EXISTS `Teacher`;
/*!40101 SET @saved_cs_client     = @@character_set_client */;
/*!40101 SET character_set_client = utf8 */;
CREATE TABLE `Teacher` (
  `id` int(11) NOT NULL AUTO_INCREMENT,
  `birthday` datetime DEFAULT NULL,
  `email` varchar(255) DEFAULT NULL,
  `name` varchar(255) DEFAULT NULL,
  `phone` bigint(20) NOT NULL,
  `surname` varchar(255) DEFAULT NULL,
  `main_user_id` int(11) DEFAULT NULL,
  PRIMARY KEY (`id`),
  KEY `FK_mpwqs9ypfv7i2pm1r795cj6cx` (`main_user_id`),
  CONSTRAINT `FK_mpwqs9ypfv7i2pm1r795cj6cx` FOREIGN KEY (`main_user_id`) REFERENCES `CustomUser` (`id`)
) ENGINE=InnoDB AUTO_INCREMENT=7 DEFAULT CHARSET=utf8;
/*!40101 SET character_set_client = @saved_cs_client */;

--
-- Dumping data for table `Teacher`
--

LOCK TABLES `Teacher` WRITE;
/*!40000 ALTER TABLE `Teacher` DISABLE KEYS */;
INSERT INTO `Teacher` VALUES (1,'1989-04-04 00:00:00','KFomichjov@yandex.ru','Кира',674948104,'Фомичёв',21),(2,'1967-08-03 00:00:00','DLobanov@rambler.ru','Данил',672693674,'Лобанов',22),(3,'1972-02-02 00:00:00','JASergeev@yahooo.com','Ярослав',673505124,'Сергеев',23),(4,'1980-07-02 00:00:00','VKornilov@rambler.ru','Валерия',677386748,'Корнилов',24),(5,'1980-11-05 00:00:00','EKrasiljhnikov@mail.com','Евгения',679028263,'Красильников',25),(6,'1988-03-23 00:00:00','teacher@mail.com','Мария',679132915,'Плюшкина',28);
/*!40000 ALTER TABLE `Teacher` ENABLE KEYS */;
UNLOCK TABLES;

--
-- Dumping events for database 'school'
--

--
-- Dumping routines for database 'school'
--
/*!40103 SET TIME_ZONE=@OLD_TIME_ZONE */;

/*!40101 SET SQL_MODE=@OLD_SQL_MODE */;
/*!40014 SET FOREIGN_KEY_CHECKS=@OLD_FOREIGN_KEY_CHECKS */;
/*!40014 SET UNIQUE_CHECKS=@OLD_UNIQUE_CHECKS */;
/*!40101 SET CHARACTER_SET_CLIENT=@OLD_CHARACTER_SET_CLIENT */;
/*!40101 SET CHARACTER_SET_RESULTS=@OLD_CHARACTER_SET_RESULTS */;
/*!40101 SET COLLATION_CONNECTION=@OLD_COLLATION_CONNECTION */;
/*!40111 SET SQL_NOTES=@OLD_SQL_NOTES */;

-- Dump completed on 2018-08-22 22:08:26
